user_id,movie_id,rating
1,137,5.0
1,102,5.0
1,15,4.0
1,144,5.0
1,106,3.5
1,112,3.0
1,22,2.0
1,71,2.0
1,60,5.0
1,141,4.0
1,96,4.0
1,126,3.0
1,69,1.5
1,41,5.0
1,92,3.5
1,8,2.0
1,127,3.0
1,95,5.0
1,139,4.0
1,109,2.5
1,40,2.5
1,77,2.0
1,6,5.0
1,29,2.0
1,101,1.5
1,104,4.5
1,59,4.5
1,78,4.0
1,39,3.0
1,23,3.5
1,79,2.0
1,97,5.0
1,67,2.5
1,129,2.5
1,99,3.5
1,48,4.0
1,123,2.5
1,117,2.0
1,61,5.0
1,46,4.0
2,26,5.0
2,103,2.0
2,66,4.0
2,54,3.0
2,39,3.5
2,91,4.0
2,50,1.5
2,17,3.5
2,22,2.5
2,142,3.0
2,133,3.0
2,104,2.5
2,34,5.0
2,144,1.5
2,117,4.5
2,108,2.0
2,19,4.0
2,132,1.5
2,67,2.5
2,29,5.0
2,40,1.5
2,85,3.5
2,28,5.0
2,127,3.0
3,137,2.0
3,75,3.0
3,56,2.5
3,38,5.0
3,40,5.0
3,65,3.5
3,49,1.5
3,6,5.0
3,123,5.0
3,132,5.0
3,27,2.0
3,71,3.5
3,19,3.5
3,98,2.0
3,39,5.0
3,95,2.0
3,105,5.0
3,111,4.0
3,134,4.5
3,37,5.0
3,8,2.5
3,119,3.0
3,140,3.0
3,26,2.5
3,10,2.0
3,59,3.5
3,146,2.0
3,133,4.5
3,109,3.0
3,73,1.5
3,43,4.0
3,112,4.0
4,100,2.5
4,142,2.5
4,43,3.0
4,136,2.5
4,4,2.5
4,82,4.0
4,95,3.5
4,17,5.0
4,20,3.0
4,63,3.0
4,143,4.5
4,89,2.0
4,137,1.5
4,121,4.0
4,70,3.5
4,119,3.0
4,3,3.5
4,124,3.5
4,120,4.5
4,33,4.5
4,78,3.5
4,90,2.5
4,127,5.0
4,62,2.0
4,55,3.5
4,60,2.0
4,94,1.5
5,8,3.0
5,28,4.5
5,32,4.5
5,33,4.0
5,85,5.0
5,61,3.0
5,9,3.5
5,53,3.0
5,76,5.0
5,19,4.0
5,123,1.5
5,10,2.0
5,135,5.0
5,124,4.5
5,132,2.0
5,145,3.5
5,119,5.0
5,117,4.0
5,93,3.5
5,25,4.5
5,79,3.0
5,126,2.5
5,68,1.0
5,55,2.5
5,92,4.0
5,34,5.0
5,71,3.5
5,51,1.0
5,45,2.0
5,54,3.5
5,101,1.5
5,38,3.0
5,140,2.5
5,134,3.0
5,72,2.0
5,46,3.0
5,82,4.5
5,125,4.0
5,97,2.5
5,118,5.0
5,94,2.0
5,35,4.0
6,59,4.0
6,51,3.5
6,109,2.0
6,77,1.5
6,138,2.0
6,116,2.5
6,67,4.5
6,50,3.5
6,145,2.5
6,107,4.0
6,140,3.5
6,19,5.0
6,127,2.0
6,95,1.5
6,83,3.0
6,103,4.0
6,3,2.5
6,63,2.5
6,123,4.5
6,40,5.0
6,57,2.0
6,39,5.0
7,126,2.5
7,9,2.0
7,121,2.5
7,136,3.0
7,117,3.0
7,107,2.5
7,125,5.0
7,7,1.0
7,29,3.5
7,19,4.5
7,75,5.0
7,114,3.5
7,94,2.0
7,23,2.5
7,112,4.0
7,27,2.0
7,39,1.5
7,109,5.0
7,145,4.5
7,91,3.5
7,92,3.0
7,129,3.5
7,26,5.0
7,15,3.0
7,69,3.0
7,119,3.5
7,96,1.0
7,84,2.0
7,22,4.0
7,140,2.0
7,45,3.0
7,85,3.0
7,98,3.0
7,139,2.0
7,60,1.0
7,71,3.0
7,17,4.5
7,18,2.5
7,43,2.5
7,47,4.0
7,62,1.0
7,86,2.0
7,90,1.0
7,58,1.0
7,57,3.0
8,104,1.5
8,108,3.5
8,56,4.0
8,94,2.0
8,2,4.0
8,32,2.0
8,72,5.0
8,27,2.5
8,123,4.5
8,146,4.5
8,75,4.5
8,22,3.0
8,67,3.0
8,13,1.0
8,115,3.5
8,64,4.5
8,70,5.0
8,24,1.5
8,29,3.5
8,132,2.0
8,7,2.0
8,36,1.5
8,49,3.5
8,78,4.0
8,71,5.0
8,14,2.5
8,38,1.5
8,126,3.5
8,101,3.0
8,103,2.0
8,109,2.5
9,110,3.5
9,133,5.0
9,105,5.0
9,141,3.0
9,112,4.0
9,130,2.0
9,20,2.5
9,50,1.5
9,71,3.0
9,94,2.5
9,142,3.5
9,144,3.0
9,39,5.0
9,107,4.5
9,40,5.0
9,23,2.5
9,9,3.0
9,59,3.0
9,54,2.5
9,46,3.5
9,115,3.5
9,16,4.0
9,117,3.5
9,136,4.0
9,122,3.0
9,8,2.5
9,11,2.0
9,19,4.5
9,99,3.0
9,104,4.0
9,106,1.5
9,36,5.0
9,83,2.0
9,127,2.0
9,1,2.5
9,67,3.0
9,92,1.5
9,5,2.5
9,48,4.0
9,132,4.0
9,91,3.0
9,125,2.5
10,50,3.0
10,24,5.0
10,125,3.5
10,43,2.5
10,83,5.0
10,111,2.0
10,110,3.0
10,68,2.5
10,73,3.5
10,147,3.0
10,90,5.0
10,116,3.0
10,129,2.5
10,25,5.0
10,20,1.5
10,89,4.5
10,141,3.0
10,79,4.5
10,67,2.0
10,8,2.5
10,9,4.0
10,35,2.5
10,13,1.0
10,70,3.0
10,80,5.0
10,51,3.5
11,109,2.5
11,23,2.0
11,8,3.0
11,20,2.5
11,135,5.0
11,2,4.5
11,29,5.0
11,5,4.0
11,17,5.0
11,90,2.0
11,36,1.5
11,78,3.0
11,83,4.0
11,125,4.0
11,1,2.5
11,126,3.5
11,26,4.0
11,117,5.0
11,40,2.0
11,68,3.5
11,86,2.0
11,146,5.0
11,54,5.0
11,121,4.0
11,50,4.5
11,120,3.5
11,85,1.0
11,32,2.0
11,62,2.0
11,52,3.5
11,15,3.5
11,9,4.0
12,36,2.0
12,86,5.0
12,82,5.0
12,62,5.0
12,90,5.0
12,98,2.0
12,83,5.0
12,105,1.5
12,145,3.0
12,65,3.5
12,79,4.5
12,3,2.5
12,112,2.5
12,80,5.0
12,63,4.0
12,19,2.5
12,127,3.5
12,91,2.5
12,23,5.0
12,142,2.5
12,25,5.0
12,27,2.5
12,123,3.0
12,131,1.5
12,30,2.0
12,72,3.5
12,100,2.5
12,126,4.5
12,59,2.0
12,101,3.0
12,99,2.5
12,110,1.5
12,20,1.0
12,130,2.5
12,124,3.5
12,113,2.5
12,28,2.5
12,102,2.5
12,5,3.0
12,146,3.5
12,52,2.5
12,95,2.0
13,20,2.5
13,120,3.5
13,88,5.0
13,83,5.0
13,24,5.0
13,38,3.0
13,121,1.5
13,86,5.0
13,98,1.5
13,45,3.5
13,60,5.0
13,62,5.0
13,102,4.5
13,104,4.0
13,29,2.0
13,139,2.5
13,22,5.0
13,129,3.0
13,21,5.0
13,41,4.5
13,25,5.0
13,63,2.0
13,71,2.0
13,43,3.5
13,99,3.5
14,97,1.5
14,67,5.0
14,62,1.5
14,77,5.0
14,22,2.5
14,145,2.5
14,126,2.5
14,113,2.5
14,17,3.0
14,134,5.0
14,49,2.0
14,6,4.0
14,123,5.0
14,100,1.5
14,115,3.0
14,29,3.0
14,135,1.5
14,63,4.0
14,98,3.0
14,1,3.0
15,132,5.0
15,111,4.5
15,146,3.0
15,74,2.5
15,99,2.0
15,40,5.0
15,140,2.5
15,47,3.5
15,110,1.0
15,53,4.5
15,79,2.5
15,107,4.5
15,70,3.0
15,134,4.5
15,55,2.0
15,97,3.0
15,44,2.0
15,59,4.0
15,20,3.0
15,16,4.0
15,101,4.5
15,98,3.0
15,100,2.0
15,4,3.0
15,42,4.5
15,33,3.0
15,115,2.0
15,129,4.0
15,37,5.0
15,19,5.0
15,38,5.0
16,116,5.0
16,72,3.5
16,68,3.5
16,34,2.0
16,97,4.0
16,44,2.5
16,36,1.0
16,87,2.5
16,62,2.0
16,31,4.0
16,122,5.0
16,127,5.0
16,25,2.5
16,2,3.5
16,50,3.5
16,120,5.0
16,125,4.5
16,20,3.5
16,117,2.5
16,17,5.0
16,57,1.5
16,147,2.5
16,27,2.5
16,23,2.5
16,64,3.0
16,92,4.0
16,137,1.5
16,145,4.5
16,11,1.0
16,39,1.0
16,129,3.0
16,100,3.0
16,124,5.0
16,26,5.0
16,81,2.5
16,75,5.0
16,105,1.5
16,98,3.5
16,146,4.5
16,74,4.5
16,13,1.0
16,107,1.0
16,142,3.0
16,48,3.5
16,66,5.0
17,121,4.0
17,60,3.5
17,146,5.0
17,21,2.0
17,95,4.0
17,67,2.0
17,59,4.0
17,129,2.5
17,144,4.5
17,31,2.5
17,36,1.0
17,47,3.5
17,107,3.0
17,79,3.0
17,77,2.5
17,122,3.5
17,103,4.0
17,5,2.5
17,8,3.0
17,86,3.0
17,71,5.0
17,44,3.0
17,61,3.5
17,110,3.5
18,64,4.5
18,27,2.5
18,21,3.5
18,126,3.5
18,50,4.0
18,54,4.0
18,9,3.5
18,53,5.0
18,42,1.0
18,86,3.0
18,31,4.5
18,129,3.5
18,136,4.0
18,16,4.0
18,17,2.5
18,19,4.5
18,88,2.0
18,125,4.5
18,113,3.5
18,121,4.5
18,75,3.5
18,147,1.5
18,8,2.5
18,60,2.0
18,52,5.0
19,83,5.0
19,48,2.0
19,55,1.0
19,61,3.0
19,21,5.0
19,24,5.0
19,90,5.0
19,62,4.0
19,26,2.5
19,94,3.0
19,34,2.0
19,110,2.5
19,131,3.0
19,84,5.0
19,88,4.0
19,13,1.5
19,136,3.0
19,130,1.0
19,2,2.0
19,10,1.5
19,89,5.0
19,7,2.0
19,93,4.0
19,116,3.5
19,81,5.0
19,78,2.0
19,101,2.5
19,51,1.5
19,126,4.5
19,58,3.5
19,82,5.0
19,40,2.5
20,72,5.0
20,34,1.5
20,20,4.0
20,29,2.5
20,53,5.0
20,14,5.0
20,139,3.5
20,61,1.0
20,120,3.5
20,143,3.5
20,12,3.5
20,96,1.5
20,129,4.5
20,91,2.0
20,64,5.0
20,5,3.5
20,73,5.0
20,146,5.0
20,141,2.0
20,6,2.0
20,106,4.0
20,49,2.0
20,132,2.5
20,7,2.5
20,137,1.0
20,123,4.5
20,17,2.5
20,9,2.5
20,22,4.0
20,134,4.0
20,77,4.0
20,59,1.0
20,67,5.0
20,10,3.5
20,140,2.0
21,30,2.5
21,12,2.5
21,23,5.0
21,16,3.0
21,25,5.0
21,84,5.0
21,128,3.5
21,82,5.0
21,86,5.0
21,104,3.5
21,85,5.0
21,119,2.0
21,137,2.5
21,55,3.0
21,21,5.0
21,28,1.5
21,71,1.5
21,136,1.5
21,61,2.0
21,97,2.5
21,24,5.0
21,48,2.5
21,87,3.5
21,88,5.0
21,70,2.0
21,90,5.0
21,134,1.5
21,81,4.5
21,147,4.5
21,80,5.0
21,79,4.5
21,67,2.5
21,17,2.5
21,89,5.0
21,35,3.0
21,93,4.5
21,8,1.5
21,145,3.5
21,68,2.5
21,130,2.0
21,69,2.5
21,9,2.5
22,72,2.5
22,119,1.5
22,114,3.0
22,122,5.0
22,67,3.0
22,123,4.0
22,34,3.5
22,54,5.0
22,26,5.0
22,70,3.5
22,57,2.0
22,115,3.5
22,47,4.0
22,40,1.0
22,19,5.0
22,66,4.0
22,46,4.0
22,33,3.5
22,116,4.0
22,136,4.0
22,74,3.0
22,98,4.0
22,129,3.5
23,141,4.0
23,55,2.0
23,88,2.0
23,47,2.0
23,29,2.5
23,35,2.0
23,8,2.0
23,142,3.5
23,61,5.0
23,126,2.0
23,100,1.5
23,34,2.0
23,30,2.5
23,121,3.0
23,44,4.0
23,139,4.0
23,23,2.0
23,99,2.5
23,41,5.0
23,45,5.0
23,143,4.0
23,63,2.0
23,64,3.5
23,42,4.0
23,112,3.0
23,111,2.5
23,60,5.0
23,38,4.0
23,2,2.0
23,90,2.5
23,146,2.5
23,6,5.0
23,36,2.5
23,87,5.0
23,118,1.0
24,93,4.0
24,117,4.0
24,31,4.5
24,135,4.5
24,126,2.5
24,125,3.5
24,33,3.5
24,9,1.5
24,128,5.0
24,41,2.5
24,91,3.5
24,115,4.5
24,22,1.0
24,138,2.0
24,109,1.0
24,64,2.5
24,129,3.0
24,77,3.5
24,112,2.5
24,122,3.0
24,113,3.0
24,37,4.5
25,128,5.0
25,45,2.5
25,118,4.5
25,55,2.5
25,145,3.5
25,129,3.5
25,47,2.0
25,117,4.5
25,51,5.0
25,87,1.5
25,99,1.5
25,122,4.0
25,4,3.0
25,32,1.5
25,110,2.0
25,78,3.5
25,71,5.0
25,9,2.5
25,52,4.5
25,127,3.0
25,5,4.5
25,57,2.0
25,139,1.0
25,8,4.0
25,115,4.0
25,39,1.0
25,114,4.5
25,31,5.0
25,75,4.5
25,113,2.5
26,91,4.0
26,128,5.0
26,92,4.5
26,76,5.0
26,107,4.0
26,66,4.0
26,49,5.0
26,69,1.5
26,27,5.0
26,118,5.0
26,34,5.0
26,26,4.0
26,33,4.0
26,124,3.5
26,45,3.0
26,101,3.0
26,126,2.5
26,15,1.0
26,116,3.5
26,40,2.5
26,30,5.0
26,102,3.0
26,133,1.5
26,38,2.5
26,84,3.0
26,37,1.5
26,82,4.0
26,90,4.5
26,89,4.0
26,25,3.0
26,103,2.0
26,99,2.0
26,100,2.0
26,14,2.0
26,65,4.0
27,64,3.0
27,103,2.5
27,32,3.0
27,129,2.0
27,80,5.0
27,102,2.0
27,120,3.0
27,147,2.5
27,31,3.0
27,41,2.0
27,34,4.0
27,36,2.5
27,85,5.0
27,146,3.5
27,82,5.0
27,88,5.0
27,123,2.5
27,135,2.5
27,27,4.0
27,118,3.5
27,44,2.5
27,69,1.5
27,111,2.5
27,37,1.5
27,48,3.0
27,81,5.0
27,83,5.0
27,76,4.5
27,89,5.0
27,61,3.0
28,29,5.0
28,96,1.5
28,109,1.5
28,88,4.5
28,140,1.0
28,75,4.0
28,39,2.5
28,71,1.5
28,50,2.0
28,31,4.5
28,8,3.0
28,49,5.0
28,107,1.5
28,4,2.0
28,65,3.5
28,93,5.0
28,89,3.5
28,117,5.0
28,120,4.0
28,19,3.5
28,33,3.5
28,67,2.0
28,61,1.5
28,27,5.0
28,122,2.5
28,135,3.5
28,3,2.0
28,116,3.0
28,145,3.5
28,133,2.0
28,83,3.5
28,15,3.5
28,128,5.0
28,91,4.0
28,92,3.0
28,64,2.0
28,80,2.5
29,141,4.0
29,97,3.5
29,18,3.0
29,129,3.5
29,70,5.0
29,22,3.0
29,25,1.5
29,104,2.0
29,8,3.0
29,48,3.0
29,66,2.5
29,62,2.0
29,72,5.0
29,47,3.5
29,5,4.5
29,85,1.5
29,54,5.0
29,17,3.5
29,2,3.5
29,44,3.0
30,73,2.5
30,82,5.0
30,23,5.0
30,52,1.5
30,146,4.0
30,5,1.5
30,75,3.0
30,114,4.0
30,49,2.5
30,80,5.0
30,144,2.5
30,79,3.0
30,13,2.0
30,136,1.5
30,35,2.5
30,81,5.0
30,21,5.0
30,67,2.5
30,132,2.0
30,143,3.0
30,34,4.0
30,118,2.5
30,74,2.5
30,38,2.0
30,117,2.0
30,62,4.0
30,24,5.0
30,44,2.0
30,9,3.0
30,25,5.0
30,89,5.0
30,88,5.0
30,50,1.0
30,64,2.0
30,63,3.5
30,99,3.0
30,84,5.0
30,65,3.5
30,122,3.0
31,90,3.5
31,55,2.0
31,107,4.5
31,132,2.5
31,139,3.5
31,65,3.0
31,120,2.0
31,53,3.0
31,141,4.5
31,15,3.5
31,145,1.5
31,14,2.0
31,97,5.0
31,6,5.0
31,117,3.5
31,94,5.0
31,137,5.0
31,21,3.5
31,45,4.5
31,61,5.0
31,9,4.0
32,16,5.0
32,76,2.0
32,19,4.0
32,126,2.5
32,89,2.0
32,39,4.5
32,136,3.0
32,13,5.0
32,83,4.0
32,111,4.0
32,8,3.5
32,94,1.5
32,9,1.5
32,73,2.5
32,38,3.0
32,105,4.0
32,14,3.5
32,138,4.0
32,132,4.5
32,22,2.0
32,46,3.0
32,90,2.0
32,110,2.5
32,66,3.5
32,18,3.5
32,147,2.0
32,67,5.0
32,131,5.0
32,68,5.0
32,134,5.0
32,12,5.0
32,140,3.5
32,50,3.0
32,56,2.5
32,69,2.5
33,64,4.5
33,100,2.5
33,146,5.0
33,69,3.5
33,15,3.0
33,74,3.5
33,20,3.0
33,110,3.5
33,71,5.0
33,106,2.5
33,126,3.5
33,83,3.5
33,79,2.0
33,111,4.0
33,122,2.5
33,6,2.0
33,73,4.5
33,36,2.5
33,125,3.5
33,88,1.0
33,32,1.5
33,53,5.0
33,101,3.0
33,35,4.5
33,129,4.0
33,112,3.5
33,29,3.0
33,46,2.0
33,142,3.0
34,61,5.0
34,12,4.5
34,43,3.5
34,144,5.0
34,38,4.0
34,35,2.0
34,91,4.5
34,79,1.0
34,92,4.0
34,60,5.0
34,124,2.0
34,22,4.0
34,64,2.0
34,102,5.0
34,133,2.0
34,59,5.0
34,9,4.5
34,28,4.5
34,104,5.0
34,45,5.0
34,107,4.0
35,55,4.0
35,71,5.0
35,70,5.0
35,52,5.0
35,51,5.0
35,45,3.5
35,26,2.5
35,126,2.0
35,78,3.5
35,22,3.5
35,99,2.5
35,123,4.5
35,42,3.0
35,2,2.5
35,8,3.0
35,112,3.5
35,146,5.0
35,110,4.0
35,12,4.0
35,76,3.0
35,111,3.0
35,54,5.0
35,84,1.0
35,145,3.0
35,41,2.0
35,30,4.5
36,10,4.0
36,106,5.0
36,91,1.5
36,115,4.0
36,122,4.5
36,110,2.5
36,78,4.0
36,51,4.0
36,142,3.5
36,79,3.5
36,99,1.0
36,65,1.0
36,147,2.0
36,26,4.0
36,31,4.0
36,74,3.5
36,70,5.0
36,76,3.5
36,8,4.0
36,59,2.0
36,98,5.0
36,94,1.5
36,118,4.0
36,88,2.0
36,73,4.0
36,83,3.0
36,16,3.5
36,46,4.0
36,72,4.5
36,127,3.5
36,101,3.5
36,15,4.0
36,34,2.0
36,112,2.5
36,121,3.5
36,50,4.0
36,56,4.0
36,130,3.5
36,111,3.0
36,68,3.0
36,52,4.5
36,5,4.0
36,20,4.5
37,133,2.5
37,26,3.5
37,131,4.0
37,121,5.0
37,83,4.5
37,81,2.0
37,86,2.5
37,98,3.0
37,3,3.0
37,142,4.5
37,75,5.0
37,114,4.0
37,56,5.0
37,2,3.0
37,71,5.0
37,66,4.0
37,53,5.0
37,45,2.5
37,72,5.0
37,143,4.5
37,29,3.0
37,52,4.0
37,50,5.0
37,87,2.5
37,140,2.0
37,44,3.0
37,105,2.5
37,5,3.0
37,39,2.5
38,139,3.5
38,96,3.5
38,22,3.5
38,49,5.0
38,140,5.0
38,13,3.5
38,61,5.0
38,142,4.0
38,143,4.5
38,97,4.5
38,74,3.0
38,105,5.0
38,6,5.0
38,26,1.5
38,95,5.0
38,42,4.0
38,60,5.0
38,138,5.0
38,125,2.5
38,84,3.0
38,107,5.0
38,46,3.5
38,41,5.0
38,137,4.5
38,126,3.5
38,144,5.0
38,38,4.5
38,141,3.0
38,91,4.5
38,66,3.0
39,17,3.5
39,35,4.0
39,123,4.0
39,56,4.5
39,41,1.5
39,70,5.0
39,120,3.0
39,130,4.0
39,11,1.5
39,77,3.0
39,69,3.0
39,85,2.5
39,67,3.5
39,57,2.5
39,78,3.0
39,71,5.0
39,121,5.0
39,113,3.0
39,52,3.5
39,119,5.0
39,125,3.0
39,25,1.5
39,48,3.0
39,112,3.5
39,39,1.0
39,100,3.5
39,32,2.0
39,72,4.0
39,142,3.0
39,51,4.5
40,26,3.0
40,43,4.0
40,132,5.0
40,1,2.5
40,39,5.0
40,71,2.5
40,40,5.0
40,38,5.0
40,53,3.5
40,36,5.0
40,67,4.5
40,103,3.0
40,76,2.5
40,18,3.5
40,126,2.0
40,35,2.0
40,111,4.0
40,112,5.0
40,61,1.5
40,7,1.5
40,105,5.0
40,124,3.5
40,16,4.0
40,116,2.5
40,131,4.0
40,102,3.5
40,99,2.5
40,66,4.0
40,93,3.0
40,135,2.0
40,14,3.0
40,139,3.5
40,65,3.0
40,101,4.5
40,129,5.0
40,146,3.0
40,24,2.0
40,123,4.0
40,134,4.5
41,43,3.0
41,86,5.0
41,68,2.5
41,136,1.5
41,44,2.5
41,92,5.0
41,11,3.5
41,141,3.5
41,144,4.0
41,99,3.5
41,75,1.5
41,32,2.5
41,112,3.0
41,98,2.5
41,33,3.0
41,72,1.5
41,74,2.5
41,115,3.0
41,89,4.5
41,90,5.0
41,41,3.5
41,60,4.0
41,9,3.5
41,106,2.5
41,67,1.5
41,37,2.0
41,30,1.5
41,34,2.0
41,13,3.0
41,105,3.5
41,59,4.5
41,65,2.0
42,15,1.0
42,17,2.0
42,19,2.5
42,144,1.0
42,91,1.5
42,90,2.5
42,145,3.0
42,12,5.0
42,142,4.0
42,28,2.5
42,93,3.0
42,64,4.5
42,59,3.5
42,137,2.0
42,20,4.5
42,147,1.5
42,58,2.0
42,98,1.5
42,8,4.5
42,135,2.0
42,84,3.0
42,106,4.0
42,78,2.5
42,102,4.0
42,67,5.0
42,36,3.5
42,129,5.0
42,5,2.0
42,2,3.5
42,21,4.0
42,9,2.0
42,87,2.5
42,103,3.0
42,86,4.0
42,55,2.0
42,105,3.0
42,88,3.0
42,29,2.0
42,82,4.5
42,131,5.0
42,104,2.0
42,70,2.5
42,49,3.5
42,16,5.0
43,77,1.5
43,25,1.0
43,90,1.0
43,118,4.0
43,122,3.0
43,48,4.5
43,79,4.0
43,70,5.0
43,97,5.0
43,32,1.0
43,144,3.0
43,15,4.0
43,123,2.5
43,87,3.0
43,40,1.0
43,112,4.5
43,13,1.0
43,116,3.5
43,86,1.5
43,17,3.0
43,12,3.0
43,46,4.0
43,131,3.5
43,114,2.5
43,104,3.0
43,45,4.0
43,106,5.0
43,141,4.5
43,14,4.0
43,50,4.5
43,35,3.0
43,56,3.5
44,28,2.5
44,41,5.0
44,45,4.5
44,94,5.0
44,68,2.5
44,43,4.0
44,138,5.0
44,60,5.0
44,70,1.5
44,61,5.0
44,38,4.0
44,104,5.0
44,71,1.5
44,6,5.0
44,144,5.0
44,123,3.0
44,103,5.0
44,137,5.0
44,140,5.0
44,59,5.0
44,95,5.0
44,19,2.5
44,97,4.5
44,110,2.0
44,106,3.5
44,56,2.0
44,73,2.5
44,87,4.5
44,139,4.0
44,129,3.5
44,121,2.5
45,16,5.0
45,106,5.0
45,139,3.5
45,64,5.0
45,133,1.0
45,13,5.0
45,5,2.5
45,110,4.0
45,116,3.0
45,128,2.5
45,8,4.0
45,119,3.5
45,55,3.5
45,45,3.0
45,21,1.5
45,146,3.5
45,125,3.0
45,101,4.5
45,112,3.5
45,109,4.5
45,129,5.0
45,24,2.5
45,1,3.5
45,90,1.5
45,52,3.5
45,49,2.5
45,9,2.5
45,134,5.0
45,47,3.0
45,144,1.5
45,141,4.0
45,20,5.0
45,104,3.0
45,80,1.5
46,135,3.0
46,134,5.0
46,103,2.5
46,136,2.0
46,64,5.0
46,1,3.0
46,8,3.5
46,13,4.5
46,12,5.0
46,51,2.5
46,108,1.5
46,123,5.0
46,91,1.5
46,16,5.0
46,115,2.0
46,52,2.5
46,2,5.0
46,40,3.5
46,47,3.5
46,125,3.0
46,117,2.5
46,107,5.0
46,124,3.0
46,106,4.5
46,24,2.5
46,102,3.5
46,68,5.0
46,66,4.5
46,74,2.5
46,19,4.5
46,139,4.5
46,42,5.0
46,46,3.5
46,133,2.5
46,83,2.0
46,86,2.5
46,57,2.0
46,127,2.0
46,131,5.0
46,72,4.0
46,143,3.0
46,85,3.0
46,43,3.0
46,76,1.5
47,51,5.0
47,42,1.5
47,147,2.5
47,103,1.5
47,9,2.5
47,11,2.5
47,4,3.0
47,83,5.0
47,13,1.0
47,136,4.0
47,137,1.0
47,76,3.5
47,85,3.5
47,48,2.5
47,107,1.5
47,17,4.0
47,15,2.5
47,50,5.0
47,2,1.5
47,66,3.5
47,101,3.0
47,117,2.5
47,87,3.5
48,5,4.0
48,17,5.0
48,6,2.0
48,49,3.5
48,74,4.0
48,53,2.5
48,83,4.5
48,72,3.0
48,103,2.0
48,101,3.0
48,48,3.5
48,52,4.0
48,86,3.5
48,89,2.5
48,47,3.0
48,106,4.0
48,98,4.0
48,20,2.5
48,66,4.5
48,130,3.5
48,127,5.0
48,25,3.5
48,75,5.0
48,64,3.5
48,2,3.5
48,134,3.0
48,69,3.0
48,143,3.5
49,87,5.0
49,23,5.0
49,82,5.0
49,14,2.0
49,43,2.5
49,29,2.5
49,85,5.0
49,101,2.0
49,15,2.5
49,116,3.5
49,118,2.5
49,54,2.0
49,63,2.5
49,21,5.0
49,122,1.5
49,131,1.5
49,109,2.0
49,83,4.5
49,145,3.5
49,33,4.5
49,19,3.0
49,50,2.0
49,49,1.0
49,2,2.0
49,84,5.0
49,35,4.0
49,24,5.0
49,11,3.5
49,58,3.0
49,52,1.5
49,88,5.0
49,94,4.0
49,60,3.5
49,120,3.5
49,97,1.0
49,86,4.5
49,1,2.5
49,7,2.0
50,61,5.0
50,136,1.5
50,62,3.5
50,93,4.5
50,1,3.5
50,96,5.0
50,103,4.0
50,85,4.0
50,121,2.5
50,100,1.0
50,47,3.5
50,144,5.0
50,140,5.0
50,105,3.5
50,95,5.0
50,36,1.5
50,91,4.5
50,107,5.0
50,88,3.5
50,137,4.5
50,18,4.0
50,87,5.0
50,65,3.5
50,29,2.5
50,131,3.5
50,81,3.5
50,7,5.0
50,6,5.0
50,78,3.5
50,33,2.5
50,102,4.5
50,115,2.0
50,41,5.0
50,90,4.0
50,26,2.0
50,46,4.0
50,138,5.0
50,79,2.0
50,135,2.5
51,134,3.0
51,117,3.5
51,58,2.0
51,70,5.0
51,114,3.5
51,50,5.0
51,118,3.0
51,52,5.0
51,14,5.0
51,8,3.0
51,147,2.0
51,126,3.0
51,128,2.5
51,141,4.0
51,66,2.5
51,21,2.5
51,71,5.0
51,37,1.5
51,137,2.0
51,1,3.5
51,24,1.5
51,44,4.0
51,34,2.0
51,39,1.0
51,90,2.0
51,80,2.5
51,129,4.5
51,78,4.0
51,99,1.0
51,55,3.5
51,27,2.5
51,143,4.0
51,87,2.5
51,47,3.5
51,67,3.5
52,133,1.0
52,130,3.5
52,102,2.0
52,33,4.5
52,63,3.0
52,30,5.0
52,22,3.0
52,54,4.0
52,84,2.0
52,52,3.0
52,90,3.0
52,42,1.5
52,50,2.0
52,118,5.0
52,128,5.0
52,47,2.5
52,83,4.5
52,38,1.5
52,9,3.0
52,113,2.5
52,27,5.0
52,72,4.0
52,28,5.0
52,17,4.5
52,56,3.5
53,112,4.5
53,121,2.5
53,137,2.0
53,71,3.0
53,96,1.5
53,76,4.0
53,126,3.5
53,65,3.0
53,123,3.0
53,142,2.5
53,35,4.5
53,109,2.5
53,115,3.5
53,138,3.0
53,133,2.5
53,84,2.0
53,85,2.5
53,25,1.5
53,145,3.5
53,36,2.5
53,111,3.0
53,120,4.0
53,66,4.5
53,30,2.5
53,27,2.0
53,127,5.0
53,75,5.0
53,15,3.0
53,110,3.0
53,128,5.0
53,46,3.0
53,28,3.0
53,14,3.5
53,68,3.5
53,70,3.0
53,51,3.5
53,37,2.0
53,41,1.5
53,135,3.5
53,20,3.0
53,146,4.0
53,45,4.0
54,94,4.0
54,140,4.5
54,117,2.5
54,84,1.5
54,23,2.5
54,83,2.5
54,11,2.5
54,59,5.0
54,51,2.0
54,40,5.0
54,102,5.0
54,127,3.0
54,111,4.5
54,78,4.5
54,6,5.0
54,105,5.0
54,79,2.5
54,39,5.0
54,43,5.0
54,65,3.0
54,93,2.5
54,56,2.5
54,64,2.0
54,60,3.0
54,7,3.5
54,123,2.5
54,38,5.0
54,104,5.0
54,100,3.0
54,101,2.5
54,95,4.0
55,4,2.5
55,62,2.0
55,110,4.0
55,134,3.0
55,109,1.5
55,69,2.5
55,145,5.0
55,6,2.5
55,146,4.5
55,125,4.5
55,136,2.5
55,34,5.0
55,25,3.0
55,99,2.0
55,76,5.0
55,135,4.5
55,91,3.0
55,45,2.5
55,58,2.0
55,23,2.5
55,29,5.0
55,120,3.5
55,108,3.5
55,54,3.0
55,100,2.0
55,128,5.0
55,79,3.5
55,121,3.5
55,70,4.0
55,56,3.5
55,57,1.0
55,44,2.5
55,98,2.0
55,64,2.5
55,31,5.0
55,47,2.0
55,131,3.0
55,27,5.0
55,81,2.0
55,75,3.5
55,118,5.0
55,19,4.5
55,130,3.5
55,84,1.5
56,94,4.0
56,17,3.0
56,65,3.5
56,86,2.5
56,32,4.0
56,52,2.0
56,14,2.0
56,31,5.0
56,69,2.5
56,146,4.5
56,147,4.0
56,145,3.5
56,63,4.5
56,16,2.5
56,44,3.0
56,3,3.0
56,18,1.5
56,66,3.0
56,47,2.0
56,28,4.5
56,108,3.0
56,49,5.0
56,125,4.5
57,80,5.0
57,127,3.0
57,82,5.0
57,57,3.5
57,86,5.0
57,22,5.0
57,62,5.0
57,46,2.0
57,115,1.5
57,61,2.5
57,109,2.0
57,72,1.5
57,94,3.0
57,23,5.0
57,131,2.0
57,34,3.5
57,32,2.5
57,35,3.0
57,58,3.5
57,90,5.0
57,137,2.0
57,88,5.0
57,74,2.0
57,111,2.0
57,116,2.5
57,41,3.0
57,138,3.0
57,104,3.0
57,142,3.5
57,24,5.0
57,84,5.0
57,19,3.0
57,110,2.5
57,37,2.0
57,93,4.5
57,132,2.5
58,110,2.5
58,134,1.5
58,76,5.0
58,43,2.0
58,122,3.0
58,116,3.5
58,34,5.0
58,86,4.0
58,128,5.0
58,73,2.5
58,140,2.5
58,119,4.5
58,55,2.5
58,147,4.5
58,26,5.0
58,72,3.0
58,132,2.5
58,104,2.5
58,89,4.0
58,58,3.0
58,70,2.0
58,4,2.0
59,60,3.5
59,90,5.0
59,34,5.0
59,5,3.0
59,62,4.0
59,82,5.0
59,70,2.0
59,142,2.5
59,101,2.5
59,147,3.5
59,41,3.0
59,116,3.5
59,83,4.5
59,88,5.0
59,146,4.5
59,92,4.0
59,130,1.5
59,104,2.0
59,23,5.0
59,99,2.0
59,75,3.0
59,134,2.5
59,118,4.0
59,20,3.0
59,14,2.0
59,76,5.0
59,16,1.5
59,122,3.5
59,38,1.5
59,79,3.5
59,21,4.0
59,128,5.0
59,27,5.0
60,12,4.0
60,29,3.5
60,56,5.0
60,126,3.0
60,72,5.0
60,90,1.5
60,115,3.5
60,121,5.0
60,70,5.0
60,71,5.0
60,104,2.5
60,47,3.5
60,124,2.5
60,4,5.0
60,33,3.5
60,117,3.5
60,53,5.0
60,26,3.0
60,31,3.0
60,123,4.5
60,5,4.0
60,141,4.0
60,49,3.5
60,142,2.5
60,129,4.0
60,50,4.5
60,120,3.5
60,99,1.0
60,74,3.0
60,63,4.0
61,103,1.5
61,147,1.5
61,54,5.0
61,2,2.0
61,20,3.0
61,73,5.0
61,53,4.0
61,138,2.5
61,83,4.0
61,71,5.0
61,117,3.5
61,46,4.0
61,120,3.0
61,1,4.0
61,81,1.5
61,136,3.0
61,115,3.0
61,124,3.5
61,60,2.5
61,121,5.0
61,10,2.5
61,34,1.0
61,109,3.5
61,122,4.5
61,134,3.5
61,17,3.0
61,12,4.0
61,70,5.0
61,3,3.0
61,4,3.0
61,119,4.0
61,76,2.0
61,40,2.5
61,104,1.5
61,142,3.0
61,110,4.5
61,129,3.0
61,72,5.0
61,123,3.5
61,32,2.0
61,15,3.0
62,25,4.5
62,105,4.0
62,23,5.0
62,109,4.0
62,113,2.5
62,104,3.5
62,4,2.5
62,39,3.0
62,72,2.0
62,85,5.0
62,133,1.5
62,59,2.0
62,126,4.5
62,24,5.0
62,58,3.0
62,10,1.5
62,103,3.5
62,36,2.5
62,82,5.0
62,3,3.0
62,1,2.5
62,79,4.0
62,45,2.0
62,86,5.0
62,32,2.0
62,21,5.0
62,38,2.0
62,8,3.5
62,51,2.0
62,134,3.5
62,124,4.5
63,98,3.5
63,146,4.5
63,33,4.5
63,133,2.0
63,38,1.0
63,96,2.5
63,7,1.5
63,73,3.0
63,97,2.5
63,77,2.5
63,123,2.0
63,144,2.5
63,68,3.0
63,93,3.5
63,118,5.0
63,128,5.0
63,117,5.0
63,19,3.5
63,40,1.5
63,76,5.0
63,125,4.5
63,147,3.5
63,36,1.0
63,52,3.0
63,71,3.0
63,126,2.5
63,4,1.5
63,67,3.0
63,86,3.5
63,60,3.0
63,21,2.5
63,51,3.0
63,53,4.0
63,27,5.0
63,110,2.0
64,37,2.0
64,111,2.5
64,45,3.0
64,11,1.0
64,104,1.5
64,1,3.0
64,102,1.0
64,114,4.0
64,117,4.0
64,4,4.0
64,108,3.0
64,146,5.0
64,35,4.0
64,43,1.0
64,121,4.0
64,26,4.5
64,100,3.0
64,115,4.5
64,5,5.0
64,77,3.0
64,81,1.5
64,48,4.0
64,128,5.0
64,53,4.5
64,125,3.5
64,29,3.5
64,13,1.0
64,71,5.0
64,12,3.0
64,103,1.5
64,118,5.0
64,145,3.0
64,101,3.0
64,72,4.5
64,134,3.0
64,97,4.0
64,129,4.0
64,34,3.5
64,105,2.5
64,30,3.5
64,31,4.5
64,142,3.5
64,61,1.0
64,28,5.0
64,50,4.0
65,69,3.5
65,125,4.0
65,119,5.0
65,22,3.0
65,62,3.0
65,128,5.0
65,19,4.0
65,85,4.5
65,26,5.0
65,102,2.0
65,135,4.5
65,67,3.0
65,15,3.0
65,86,3.5
65,61,2.0
65,120,5.0
65,49,5.0
65,36,2.5
65,43,2.0
65,6,2.0
65,38,2.5
65,97,2.5
65,24,2.0
65,23,3.0
65,14,3.5
65,139,1.5
65,8,2.5
65,115,5.0
65,112,3.5
65,147,3.5
65,50,2.0
65,124,4.0
65,106,3.5
65,72,1.0
65,34,5.0
65,105,3.5
65,59,2.5
65,94,1.5
65,58,2.0
66,36,5.0
66,112,4.5
66,39,5.0
66,14,3.0
66,8,3.5
66,50,2.0
66,85,1.0
66,130,2.0
66,20,2.5
66,67,4.0
66,40,5.0
66,58,3.0
66,136,4.5
66,69,3.0
66,46,3.0
66,145,1.5
66,13,5.0
66,62,2.5
66,135,2.0
66,63,2.0
66,49,2.0
66,38,5.0
66,95,1.5
66,75,1.5
66,104,4.0
66,91,2.0
66,43,5.0
66,2,2.5
66,51,2.5
66,15,2.0
66,71,2.5
66,16,4.5
66,44,3.0
66,105,5.0
66,52,3.0
67,75,5.0
67,109,2.5
67,46,4.5
67,99,1.5
67,108,3.5
67,61,2.0
67,58,1.0
67,29,4.0
67,62,2.0
67,118,5.0
67,132,2.0
67,79,4.5
67,49,5.0
67,102,2.0
67,113,3.0
67,52,5.0
67,121,4.0
67,12,4.5
67,2,3.5
67,19,2.0
67,26,3.5
67,128,4.5
67,64,4.5
67,56,5.0
67,50,4.0
67,21,1.0
67,98,3.5
67,117,4.0
67,31,4.0
67,111,4.5
67,120,3.0
67,14,3.5
67,141,3.5
67,69,2.5
67,90,1.0
67,4,3.5
67,47,4.5
67,71,5.0
67,129,2.5
67,100,1.5
67,17,4.0
67,45,3.5
67,35,4.0
67,68,3.0
67,95,2.0
68,134,5.0
68,63,4.5
68,59,3.0
68,18,3.0
68,40,4.0
68,131,5.0
68,68,4.5
68,49,2.0
68,30,1.5
68,110,2.0
68,42,4.5
68,117,1.5
68,101,5.0
68,123,4.5
68,37,2.5
68,17,3.5
68,53,4.0
68,111,4.0
68,22,2.0
68,130,3.5
68,5,2.0
68,84,2.0
68,144,2.5
69,92,3.5
69,12,3.0
69,45,1.5
69,128,5.0
69,86,3.0
69,62,2.0
69,68,4.5
69,30,5.0
69,121,1.5
69,134,3.5
69,31,5.0
69,43,2.0
69,26,4.5
69,47,3.0
69,93,3.0
69,28,5.0
69,135,5.0
69,16,4.0
69,2,4.0
69,125,4.0
70,41,5.0
70,48,5.0
70,87,5.0
70,82,2.5
70,94,5.0
70,67,2.5
70,140,5.0
70,131,2.0
70,138,5.0
70,95,5.0
70,66,2.0
70,57,2.5
70,6,5.0
70,3,2.5
70,135,2.5
70,7,4.5
70,89,3.0
70,139,3.0
70,39,2.5
70,107,3.5
70,45,4.5
70,33,4.0
70,59,5.0
70,61,5.0
70,46,3.5
71,79,4.5
71,145,3.0
71,32,2.0
71,76,4.0
71,23,5.0
71,52,2.5
71,97,2.5
71,25,5.0
71,84,5.0
71,63,3.5
71,11,2.0
71,136,3.0
71,62,4.5
71,108,1.5
71,41,3.0
71,104,4.0
71,51,2.0
71,55,2.5
71,147,3.0
71,83,4.5
71,92,3.5
71,88,5.0
71,120,2.5
71,125,3.5
71,85,5.0
72,129,1.0
72,144,3.5
72,43,3.0
72,24,5.0
72,27,3.5
72,79,5.0
72,121,1.5
72,81,5.0
72,14,2.0
72,10,1.5
72,28,1.5
72,114,2.5
72,85,5.0
72,83,5.0
72,48,1.5
72,132,1.0
72,51,3.0
72,112,3.0
72,126,3.5
72,80,5.0
72,125,4.0
72,38,2.5
72,87,5.0
73,1,3.5
73,71,5.0
73,74,3.5
73,100,4.0
73,55,2.5
73,102,1.5
73,9,2.5
73,128,5.0
73,4,3.5
73,131,4.5
73,79,2.5
73,88,1.5
73,103,2.5
73,19,4.0
73,130,4.0
73,143,4.5
73,65,1.5
73,51,4.0
73,114,3.0
73,75,5.0
73,40,4.0
73,28,4.0
73,66,3.5
73,27,1.5
74,140,5.0
74,61,5.0
74,103,5.0
74,95,5.0
74,38,2.5
74,18,3.0
74,67,2.5
74,93,3.5
74,25,3.0
74,48,5.0
74,52,1.5
74,45,4.5
74,74,2.5
74,96,5.0
74,87,4.5
74,41,5.0
74,16,3.5
74,126,2.5
74,80,2.5
74,8,1.5
74,119,2.5
74,105,4.0
74,138,3.5
74,94,5.0
74,60,5.0
74,26,3.0
75,50,4.0
75,83,3.0
75,52,4.5
75,67,2.5
75,126,4.0
75,100,4.0
75,115,4.0
75,78,3.5
75,146,5.0
75,39,1.0
75,45,3.0
75,15,4.0
75,75,5.0
75,84,2.0
75,111,4.0
75,2,2.5
75,91,2.5
75,147,2.0
75,49,4.5
75,29,4.5
75,47,3.5
75,64,4.5
75,43,2.0
75,53,4.5
75,93,2.0
75,56,4.0
75,5,4.0
75,134,4.5
75,60,1.5
75,51,4.5
75,14,3.0
75,92,2.0
75,6,1.0
75,22,3.5
75,23,2.0
75,82,1.5
75,135,4.5
75,71,5.0
75,58,2.5
75,118,4.0
76,89,5.0
76,91,2.5
76,35,3.0
76,97,3.0
76,29,3.5
76,118,2.5
76,30,2.0
76,93,4.0
76,110,4.0
76,25,5.0
76,33,5.0
76,109,2.0
76,18,2.5
76,26,4.5
76,72,2.5
76,135,2.0
76,83,5.0
76,61,3.0
76,145,4.5
76,74,3.5
76,68,3.5
76,64,2.5
76,47,2.0
76,50,3.0
76,92,4.5
76,9,2.5
76,27,2.5
76,60,3.0
76,23,5.0
76,99,2.5
76,55,3.0
76,24,5.0
76,32,4.0
76,122,2.0
76,49,2.5
77,77,4.0
77,66,4.5
77,2,4.0
77,86,2.0
77,115,3.5
77,20,4.5
77,137,2.0
77,102,4.5
77,23,1.5
77,8,5.0
77,107,5.0
77,13,5.0
77,113,3.0
77,125,2.5
77,123,5.0
77,16,5.0
77,74,2.5
77,12,5.0
77,101,5.0
77,139,4.5
77,28,2.5
77,106,5.0
77,67,5.0
77,88,1.5
77,147,1.5
77,4,4.5
77,1,3.5
77,53,4.5
77,56,2.0
77,133,1.5
78,79,3.0
78,59,3.0
78,38,5.0
78,56,3.0
78,102,4.0
78,39,5.0
78,134,5.0
78,40,5.0
78,35,2.5
78,140,4.0
78,123,5.0
78,42,4.5
78,127,2.0
78,69,2.5
78,111,5.0
78,88,3.5
78,46,3.0
78,1,2.5
78,141,3.5
78,76,3.0
78,90,1.5
78,80,1.5
78,37,5.0
79,72,2.0
79,130,4.0
79,47,3.0
79,16,5.0
79,144,1.0
79,105,3.5
79,129,5.0
79,114,3.0
79,107,5.0
79,57,1.5
79,109,5.0
79,139,5.0
79,83,2.5
79,43,2.5
79,70,1.5
79,95,1.0
79,65,4.5
79,121,2.5
79,88,1.5
79,2,4.0
79,84,1.0
79,99,1.5
79,134,5.0
79,63,4.0
79,85,2.0
79,68,5.0
79,77,4.0
79,9,2.5
79,132,3.5
79,79,2.5
79,81,2.5
79,8,5.0
79,91,1.5
79,6,3.5
79,42,5.0
79,101,5.0
79,97,3.0
79,29,2.5
79,59,2.0
79,123,5.0
79,92,2.0
80,41,5.0
80,102,4.5
80,44,2.5
80,139,4.5
80,97,5.0
80,129,3.0
80,95,5.0
80,137,4.5
80,60,5.0
80,91,5.0
80,87,3.5
80,140,5.0
80,33,3.0
80,94,5.0
80,105,4.0
80,36,2.0
80,62,5.0
80,5,3.0
80,9,4.5
80,28,3.5
80,111,2.5
80,141,3.5
80,81,3.5
81,146,5.0
81,14,2.0
81,116,4.0
81,9,1.5
81,10,4.0
81,130,4.0
81,120,2.0
81,99,1.5
81,50,5.0
81,133,1.5
81,47,4.0
81,44,3.0
81,104,1.0
81,131,5.0
81,22,4.5
81,141,4.5
81,89,1.0
81,101,3.5
81,134,4.0
81,55,2.5
81,110,3.5
81,97,3.5
81,119,3.0
81,28,4.5
81,142,4.0
81,5,3.5
81,56,4.5
81,115,2.5
81,114,3.0
81,12,4.5
81,88,1.5
81,20,4.0
81,70,5.0
81,36,2.0
81,7,1.5
81,13,3.0
81,129,4.5
81,108,3.5
81,135,3.5
81,67,4.0
81,63,3.5
82,72,5.0
82,13,2.0
82,99,2.5
82,107,2.0
82,73,4.5
82,118,3.5
82,48,3.5
82,31,2.0
82,53,5.0
82,62,3.0
82,102,1.0
82,124,3.5
82,108,3.0
82,28,3.5
82,54,5.0
82,26,4.5
82,100,3.0
82,39,2.0
82,117,4.0
82,98,5.0
82,52,5.0
82,94,2.0
82,75,4.0
82,16,3.0
82,128,5.0
82,70,5.0
82,30,2.5
82,56,5.0
83,47,3.5
83,17,3.0
83,22,3.0
83,25,2.5
83,70,5.0
83,84,1.5
83,27,1.0
83,106,3.0
83,46,3.0
83,50,4.5
83,35,5.0
83,117,3.5
83,141,3.0
83,6,1.5
83,42,3.5
83,23,2.0
83,124,3.0
83,13,2.5
83,142,4.5
83,80,1.0
83,72,5.0
83,125,4.5
83,4,4.0
83,115,2.5
83,9,3.5
83,123,4.0
83,20,3.0
83,119,3.5
83,68,5.0
83,129,4.5
83,92,1.5
83,90,1.0
83,51,4.5
83,19,3.5
83,143,2.5
83,16,5.0
84,67,4.5
84,7,2.0
84,64,5.0
84,93,2.0
84,74,4.5
84,12,5.0
84,99,2.0
84,50,4.5
84,2,4.5
84,22,3.5
84,71,5.0
84,103,1.0
84,39,2.0
84,115,3.0
84,47,4.0
84,88,1.5
84,119,4.0
84,56,5.0
84,73,5.0
84,146,5.0
84,143,2.5
84,35,4.5
84,112,3.5
84,53,4.0
84,23,1.5
84,102,3.0
85,95,3.0
85,89,5.0
85,3,2.5
85,86,5.0
85,22,5.0
85,15,2.5
85,24,5.0
85,109,2.0
85,93,4.0
85,137,2.5
85,144,4.0
85,125,3.0
85,23,5.0
85,122,2.0
85,113,3.0
85,120,4.0
85,130,3.5
85,59,3.0
85,76,3.5
85,21,5.0
85,6,2.5
85,147,3.5
86,62,2.5
86,26,3.0
86,61,1.0
86,53,5.0
86,126,3.5
86,70,5.0
86,39,2.5
86,50,4.5
86,22,3.5
86,134,3.5
86,9,4.5
86,2,3.5
86,31,3.5
86,119,3.0
86,72,5.0
86,83,4.0
86,54,5.0
86,12,3.0
86,124,3.0
86,33,3.0
86,5,2.5
86,75,5.0
86,14,5.0
86,16,3.0
86,117,4.0
86,71,5.0
86,44,3.5
86,106,3.0
86,19,3.0
86,80,2.0
86,78,3.0
86,144,1.0
86,56,5.0
86,11,2.0
86,85,1.5
86,23,1.5
86,91,1.0
86,37,2.0
86,128,4.5
87,94,2.5
87,117,4.5
87,44,3.0
87,135,3.5
87,111,2.5
87,119,5.0
87,109,3.0
87,49,5.0
87,35,4.0
87,63,3.5
87,19,4.0
87,66,4.5
87,8,2.0
87,1,3.0
87,136,3.5
87,102,2.5
87,83,3.5
87,47,1.5
87,84,3.0
87,129,2.5
87,88,4.5
87,68,2.0
87,48,3.0
87,104,2.0
87,145,3.5
87,58,2.0
88,71,2.0
88,70,2.0
88,82,3.0
88,22,2.5
88,16,5.0
88,106,4.5
88,61,3.5
88,42,5.0
88,4,4.0
88,129,5.0
88,115,2.5
88,58,2.0
88,94,1.5
88,36,4.5
88,18,4.5
88,77,3.5
88,107,4.5
88,24,1.5
88,65,5.0
88,66,5.0
88,30,3.0
88,83,3.0
88,72,2.5
88,13,5.0
88,68,5.0
88,44,3.0
88,67,5.0
88,134,5.0
88,127,2.5
88,32,2.0
88,51,2.5
88,11,2.5
88,64,3.5
88,105,4.5
88,84,2.0
88,101,5.0
88,20,3.0
88,123,5.0
88,19,4.5
88,9,3.5
88,140,3.5
88,142,5.0
88,103,3.0
88,53,4.5
88,131,5.0
89,143,3.0
89,29,3.0
89,74,4.0
89,76,3.5
89,24,1.5
89,111,3.0
89,15,3.5
89,106,4.0
89,126,3.5
89,52,3.0
89,109,3.5
89,23,3.5
89,125,4.0
89,141,3.5
89,75,5.0
89,78,3.5
89,108,2.5
89,73,4.0
89,89,2.5
89,33,5.0
89,55,3.0
89,127,5.0
89,17,5.0
89,26,5.0
89,85,3.0
89,60,2.0
89,35,4.5
89,66,4.5
89,142,3.0
89,70,4.0
89,114,3.0
89,65,3.5
89,50,3.0
89,19,4.5
89,112,4.0
89,129,3.5
89,134,3.0
89,130,3.5
89,67,4.0
90,89,4.5
90,40,5.0
90,23,4.0
90,86,3.0
90,109,1.5
90,115,1.5
90,25,4.0
90,80,3.0
90,119,1.5
90,26,2.5
90,35,2.0
90,1,2.5
90,75,3.0
90,33,3.0
90,104,4.0
90,141,4.0
90,92,1.5
90,36,5.0
90,4,4.0
90,59,4.0
90,139,3.5
90,79,3.5
90,24,5.0
91,133,1.5
91,123,3.0
91,120,3.0
91,35,4.0
91,25,1.0
91,105,1.5
91,70,5.0
91,103,1.5
91,115,4.5
91,49,5.0
91,48,3.5
91,46,3.5
91,100,4.0
91,113,3.5
91,110,4.5
91,71,5.0
91,109,3.5
91,112,2.5
91,45,2.5
91,75,3.5
91,125,4.0
91,42,1.0
91,141,4.5
91,127,3.5
91,58,1.5
91,83,3.0
91,146,5.0
91,76,3.5
91,18,3.0
91,5,5.0
91,118,4.5
91,54,4.5
91,30,4.5
91,50,5.0
92,111,4.0
92,97,3.5
92,32,1.5
92,50,4.5
92,143,3.0
92,67,4.0
92,7,1.0
92,34,2.5
92,52,5.0
92,147,2.5
92,4,2.5
92,71,5.0
92,14,4.0
92,46,3.5
92,146,4.0
92,108,4.0
92,8,3.5
92,28,5.0
92,19,3.5
92,78,4.0
92,115,3.5
92,129,3.0
92,44,4.0
93,75,5.0
93,92,3.0
93,131,3.5
93,107,2.5
93,78,3.5
93,97,3.5
93,90,4.0
93,66,5.0
93,93,2.5
93,67,3.0
93,116,5.0
93,143,4.0
93,142,3.5
93,123,3.0
93,89,3.0
93,114,3.5
93,26,5.0
93,72,3.5
93,36,1.5
93,1,3.0
93,127,5.0
93,76,5.0
93,106,4.0
93,121,3.0
93,147,3.0
93,52,3.5
93,35,4.0
93,39,2.0
93,15,3.5
93,58,3.0
93,3,4.0
93,17,5.0
93,40,1.5
93,24,1.5
93,111,2.5
93,16,2.5
93,128,4.0
94,5,5.0
94,135,5.0
94,43,4.0
94,99,2.0
94,146,4.0
94,101,4.5
94,76,5.0
94,54,3.0
94,89,3.0
94,141,3.0
94,118,4.5
94,63,4.0
94,47,3.0
94,130,3.0
94,22,1.0
94,126,1.0
94,34,5.0
94,108,1.5
94,120,4.0
94,67,4.0
95,72,2.0
95,7,4.0
95,139,3.5
95,124,2.0
95,74,4.0
95,47,4.0
95,59,5.0
95,21,2.5
95,103,5.0
95,92,3.5
95,42,3.5
95,95,5.0
95,144,5.0
95,84,2.5
95,33,2.5
95,90,3.0
95,94,5.0
95,30,1.0
95,29,1.0
95,137,5.0
95,54,1.0
95,131,2.5
95,104,5.0
95,71,2.5
95,61,5.0
95,53,2.5
95,60,5.0
95,17,2.5
95,57,2.5
95,6,5.0
95,43,4.5
96,85,5.0
96,130,2.5
96,91,4.0
96,48,2.0
96,89,5.0
96,119,2.0
96,76,4.5
96,116,4.0
96,62,4.0
96,54,3.0
96,84,5.0
96,74,2.5
96,144,2.5
96,81,4.0
96,61,3.0
96,82,5.0
96,55,2.0
96,98,1.5
96,60,2.5
96,88,5.0
96,11,2.5
97,64,5.0
97,115,3.0
97,29,3.5
97,50,5.0
97,53,5.0
97,17,4.5
97,71,5.0
97,33,2.5
97,84,1.0
97,32,1.5
97,20,3.0
97,143,2.5
97,91,2.5
97,137,1.0
97,70,5.0
97,5,4.5
97,75,5.0
97,73,4.5
97,3,2.5
97,125,3.5
97,81,1.5
97,109,2.5
97,46,3.0
97,145,3.0
97,61,1.5
97,28,4.0
97,10,3.0
97,85,3.0
97,146,4.5
97,130,4.5
97,100,2.5
97,144,2.0
97,110,3.0
98,17,5.0
98,10,2.5
98,98,4.0
98,59,1.0
98,121,4.0
98,138,2.0
98,142,3.5
98,64,3.0
98,38,2.0
98,91,2.5
98,94,1.5
98,93,3.0
98,48,3.5
98,30,3.0
98,23,3.0
98,19,4.5
98,136,3.5
98,2,3.0
98,89,2.0
98,140,2.5
98,54,5.0
98,77,4.0
98,106,3.0
98,71,3.0
98,122,5.0
98,114,3.0
98,123,3.0
98,146,5.0
99,71,5.0
99,73,5.0
99,77,3.0
99,56,5.0
99,113,3.5
99,106,3.5
99,103,2.5
99,129,3.0
99,143,4.0
99,19,3.0
99,83,4.0
99,104,1.5
99,70,5.0
99,50,5.0
99,55,3.5
99,132,1.0
99,54,5.0
99,30,3.5
99,75,5.0
99,60,2.0
99,16,3.5
99,74,4.0
99,72,5.0
99,29,2.5
99,93,3.5
99,87,2.5
99,119,3.5
100,113,2.5
100,132,2.0
100,89,2.0
100,77,3.0
100,130,3.5
100,68,3.5
100,122,4.5
100,9,3.0
100,1,4.0
100,12,3.0
100,145,4.5
100,110,3.5
100,34,2.5
100,143,2.5
100,56,3.5
100,4,4.0
100,81,1.0
100,146,4.5
100,50,2.5
100,72,4.0
100,16,3.5
100,76,4.0
100,35,4.5
100,91,2.0
100,131,2.5
100,33,3.5
100,30,2.5
100,19,5.0
100,25,2.5
100,93,3.0
100,17,5.0
100,129,4.0
100,136,2.5
100,100,3.5
100,28,3.5
100,15,4.5
100,40,2.0
100,140,1.0
100,59,2.0
100,52,4.5
100,75,4.5
100,48,3.0
101,35,3.0
101,79,4.5
101,52,3.0
101,30,2.5
101,3,3.0
101,53,1.5
101,34,4.5
101,84,5.0
101,16,2.5
101,36,3.0
101,11,2.5
101,86,5.0
101,23,5.0
101,139,1.0
101,88,5.0
101,82,5.0
101,105,3.5
101,126,3.0
101,61,4.0
101,89,5.0
101,29,2.0
101,87,4.0
101,63,2.5
101,2,2.5
101,120,2.5
101,41,3.5
101,147,3.0
101,47,1.5
101,76,3.0
101,116,3.5
101,44,2.0
101,74,2.5
101,22,5.0
101,67,3.0
101,42,2.0
101,93,3.5
101,21,5.0
101,25,5.0
101,97,1.5
102,66,3.5
102,104,2.0
102,53,3.5
102,11,2.0
102,60,1.0
102,40,1.5
102,50,5.0
102,25,1.0
102,98,4.5
102,75,5.0
102,42,1.5
102,79,3.5
102,72,5.0
102,120,4.5
102,142,4.0
102,19,4.5
102,129,4.5
102,107,2.0
102,105,2.5
102,55,4.0
102,52,3.0
102,1,5.0
102,145,4.0
102,88,3.0
102,77,3.5
102,7,2.0
102,26,5.0
102,91,2.5
102,74,3.5
102,118,4.5
102,102,2.0
103,132,5.0
103,36,5.0
103,113,2.5
103,81,1.5
103,67,3.5
103,65,4.5
103,128,1.5
103,83,2.0
103,68,3.5
103,11,3.0
103,52,2.5
103,133,3.5
103,104,4.5
103,123,4.0
103,69,2.5
103,6,4.0
103,73,2.0
103,12,3.5
103,39,5.0
103,88,2.5
103,134,4.0
103,40,5.0
103,129,4.0
103,135,2.0
103,37,5.0
103,109,2.0
103,43,4.0
103,94,4.5
103,84,2.5
103,106,1.5
103,16,4.5
103,31,2.0
103,25,3.0
103,140,4.0
103,139,3.5
103,118,3.5
103,19,4.5
103,91,3.0
104,64,3.5
104,30,3.5
104,129,3.5
104,54,5.0
104,100,3.0
104,57,2.0
104,132,1.5
104,97,3.5
104,73,3.5
104,19,5.0
104,80,1.0
104,43,2.0
104,128,4.0
104,9,3.0
104,47,3.0
104,78,2.5
104,51,4.0
104,71,3.0
104,38,1.0
104,6,2.5
104,23,2.5
104,142,3.0
104,89,2.0
105,40,5.0
105,41,3.5
105,139,3.5
105,13,5.0
105,22,2.0
105,114,2.5
105,70,1.0
105,24,1.5
105,7,2.5
105,36,5.0
105,38,5.0
105,4,3.0
105,106,2.0
105,129,3.5
105,133,4.0
105,42,3.5
105,39,5.0
105,147,2.5
105,111,4.0
105,68,5.0
105,65,3.5
105,140,5.0
105,76,2.0
105,78,4.0
105,116,3.0
105,110,3.0
105,16,4.0
105,96,2.5
105,103,4.5
105,126,2.0
105,33,3.0
106,65,3.5
106,86,5.0
106,140,2.0
106,82,5.0
106,97,2.0
106,113,2.0
106,21,5.0
106,89,5.0
106,77,2.0
106,84,5.0
106,9,2.5
106,129,3.0
106,139,2.0
106,1,2.5
106,29,2.5
106,25,5.0
106,108,1.5
106,85,5.0
106,115,2.5
106,55,2.0
106,74,1.0
106,61,2.0
106,38,3.0
106,66,4.0
106,130,3.0
106,76,5.0
106,134,2.5
106,81,4.5
107,76,5.0
107,128,5.0
107,98,1.5
107,50,1.0
107,5,4.0
107,11,2.0
107,49,5.0
107,68,2.0
107,27,5.0
107,28,4.5
107,31,5.0
107,117,5.0
107,116,4.5
107,54,3.5
107,21,1.5
107,17,3.0
107,56,1.5
107,8,2.5
107,46,2.0
107,142,2.5
107,121,1.5
107,24,2.5
107,34,5.0
107,139,3.0
107,93,3.5
107,145,4.0
107,82,4.0
107,40,3.5
107,78,1.5
107,10,2.0
107,2,4.0
107,38,2.0
107,35,3.0
107,105,2.0
107,135,3.5
107,51,2.5
107,55,3.0
107,125,3.5
108,147,1.0
108,143,2.0
108,73,3.0
108,86,1.0
108,133,1.5
108,144,2.0
108,122,3.5
108,8,4.0
108,46,3.0
108,119,2.5
108,113,3.0
108,105,4.0
108,64,5.0
108,63,3.5
108,124,2.5
108,42,5.0
108,107,5.0
108,111,4.5
108,129,5.0
108,13,5.0
108,16,5.0
108,139,5.0
108,134,5.0
108,6,3.0
108,68,5.0
108,102,3.5
108,130,4.0
108,78,3.5
108,15,1.0
108,1,2.0
109,82,5.0
109,146,3.5
109,24,5.0
109,133,2.5
109,63,4.0
109,78,2.0
109,35,3.5
109,141,1.5
109,128,1.5
109,143,3.0
109,147,3.5
109,88,5.0
109,75,2.0
109,116,4.0
109,7,2.0
109,112,2.5
109,81,5.0
109,60,4.0
109,59,3.0
109,9,2.5
109,67,1.5
109,65,4.0
109,27,3.5
109,33,4.0
109,84,5.0
109,47,2.5
109,111,1.5
109,21,5.0
109,85,5.0
110,49,2.5
110,40,5.0
110,37,5.0
110,122,1.0
110,43,4.5
110,106,2.0
110,50,2.5
110,17,2.5
110,63,2.5
110,53,4.0
110,120,2.5
110,134,5.0
110,113,2.5
110,78,4.5
110,68,4.5
110,92,3.0
110,39,5.0
110,119,3.0
110,129,4.0
110,38,5.0
110,133,4.0
110,127,1.5
110,60,3.5
111,116,4.5
111,38,2.0
111,76,5.0
111,31,5.0
111,54,2.5
111,143,2.5
111,103,2.5
111,125,3.0
111,80,2.0
111,32,4.0
111,107,3.0
111,27,5.0
111,60,2.0
111,92,4.0
111,112,3.0
111,33,4.0
111,128,5.0
111,34,5.0
111,29,4.5
111,119,5.0
111,49,5.0
111,73,3.0
111,101,1.5
111,117,4.5
111,52,2.5
112,53,2.0
112,34,2.5
112,90,5.0
112,92,4.5
112,50,3.0
112,122,2.0
112,36,3.0
112,18,2.0
112,85,5.0
112,21,5.0
112,38,2.0
112,81,3.5
112,40,2.0
112,26,3.5
112,89,5.0
112,82,5.0
112,114,1.5
112,84,5.0
112,80,4.5
112,102,2.5
112,25,5.0
112,32,4.0
112,10,2.0
112,22,4.5
112,93,3.5
112,77,3.0
112,5,3.0
112,24,5.0
112,9,2.0
112,11,2.0
112,19,3.5
112,86,5.0
112,23,4.5
112,96,3.0
112,117,3.5
112,145,3.0
112,142,3.0
112,51,2.5
113,43,4.5
113,120,1.5
113,76,2.5
113,126,2.5
113,36,5.0
113,50,2.0
113,2,2.5
113,102,5.0
113,39,5.0
113,72,1.5
113,13,5.0
113,34,2.0
113,86,2.5
113,37,5.0
113,33,2.5
113,40,5.0
113,101,3.5
113,65,4.0
113,80,1.5
113,38,5.0
113,136,4.5
113,46,4.0
113,133,4.5
113,94,2.0
113,84,2.0
113,134,3.0
113,10,2.5
113,130,2.0
113,108,3.0
113,59,3.5
113,44,2.0
114,136,3.0
114,21,5.0
114,119,2.5
114,14,1.5
114,53,2.5
114,23,5.0
114,79,5.0
114,29,3.5
114,138,1.5
114,83,5.0
114,126,3.5
114,38,2.5
114,7,2.5
114,99,3.0
114,89,5.0
114,82,5.0
114,107,1.5
114,114,1.5
114,84,5.0
114,141,1.5
114,90,5.0
114,88,5.0
114,58,3.5
114,1,3.0
114,32,3.5
114,96,3.5
114,51,2.0
114,86,5.0
114,25,5.0
114,35,3.5
114,137,3.0
114,65,3.0
114,80,5.0
114,62,4.5
114,91,4.0
114,140,2.0
114,44,3.0
114,2,2.5
114,125,4.0
114,61,2.5
114,72,1.5
114,15,2.0
115,20,3.5
115,122,2.5
115,138,3.5
115,27,5.0
115,67,3.5
115,17,3.0
115,48,3.0
115,11,2.0
115,36,3.0
115,146,4.0
115,7,2.0
115,128,5.0
115,13,3.5
115,77,2.5
115,66,5.0
115,137,1.5
115,29,4.5
115,114,3.0
115,109,2.5
115,105,4.0
115,5,4.5
115,35,4.0
115,125,3.5
115,89,2.5
115,41,1.5
115,139,3.5
115,110,2.5
115,86,3.5
115,47,1.5
115,59,1.5
115,57,3.0
115,85,3.0
115,106,4.0
115,31,4.0
115,136,2.0
115,54,3.5
116,53,4.5
116,104,3.5
116,106,4.0
116,142,5.0
116,30,3.0
116,56,2.0
116,141,4.0
116,89,1.0
116,77,4.0
116,12,5.0
116,132,4.5
116,98,1.5
116,84,2.0
116,55,1.5
116,38,4.5
116,114,1.5
116,71,2.0
116,5,3.0
116,57,2.5
116,136,4.0
116,60,3.0
116,122,2.0
116,102,4.5
116,128,1.5
116,16,5.0
117,51,5.0
117,135,3.5
117,44,3.0
117,22,4.0
117,103,2.0
117,27,4.5
117,141,2.5
117,95,1.0
117,35,5.0
117,32,1.5
117,85,2.0
117,130,3.0
117,18,3.5
117,73,4.5
117,97,3.5
117,55,3.0
117,10,4.0
117,142,5.0
117,146,5.0
117,54,5.0
117,139,1.0
117,26,3.5
117,12,3.0
117,57,1.5
117,9,3.0
117,58,2.5
117,109,4.0
117,122,3.5
117,101,2.5
117,31,5.0
117,115,4.0
117,39,1.0
117,113,3.5
117,77,3.5
117,14,2.5
117,121,4.5
117,138,1.5
117,143,3.5
117,131,3.0
117,33,3.0
117,105,2.0
117,56,4.5
117,71,5.0
117,28,3.5
118,6,2.5
118,75,5.0
118,11,1.0
118,138,1.5
118,127,2.0
118,33,3.5
118,103,1.5
118,77,2.5
118,119,5.0
118,70,5.0
118,30,4.5
118,91,3.5
118,14,5.0
118,80,1.5
118,100,2.5
118,121,4.0
118,18,3.0
118,60,1.5
118,110,2.5
118,27,3.0
118,98,3.0
118,53,5.0
118,122,2.5
118,72,5.0
118,89,2.0
118,23,2.0
118,4,4.0
118,9,3.0
118,132,1.0
118,131,3.5
118,120,4.0
119,78,3.0
119,48,4.0
119,74,2.0
119,97,3.5
119,51,3.0
119,103,4.0
119,12,4.5
119,68,3.5
119,69,2.0
119,109,2.5
119,143,2.5
119,116,2.5
119,62,2.5
119,34,2.5
119,123,4.0
119,136,4.5
119,36,5.0
119,104,4.5
119,132,5.0
119,100,2.5
119,101,3.0
119,61,2.0
119,90,2.5
119,39,5.0
119,17,2.5
119,139,3.5
119,128,2.5
119,40,5.0
119,15,3.0
119,38,5.0
120,140,3.5
120,132,5.0
120,98,3.0
120,78,3.5
120,136,4.5
120,99,2.0
120,126,2.0
120,69,2.0
120,51,3.0
120,73,2.0
120,47,4.5
120,61,2.0
120,120,2.0
120,55,3.0
120,5,1.5
120,39,5.0
120,36,5.0
120,118,2.5
120,121,1.5
120,4,2.5
120,29,3.0
120,123,4.0
120,115,2.0
120,125,3.0
120,139,4.0
120,12,3.0
120,119,3.5
120,103,4.0
120,32,2.5
120,137,2.0
120,53,3.0
120,131,4.5
120,86,2.0
121,95,5.0
121,6,5.0
121,41,5.0
121,141,4.0
121,104,5.0
121,42,4.0
121,18,4.0
121,143,3.5
121,44,3.0
121,38,4.0
121,3,4.5
121,55,1.0
121,144,5.0
121,59,5.0
121,86,2.5
121,92,4.5
121,97,5.0
121,94,5.0
121,96,5.0
121,117,2.5
121,103,5.0
121,114,2.0
121,27,1.5
121,99,3.0
121,49,3.0
121,138,5.0
121,51,2.0
121,43,3.5
121,137,5.0
121,62,3.5
121,60,5.0
121,140,5.0
121,74,4.0
121,93,4.0
121,107,4.5
121,89,3.0
121,134,3.0
121,57,3.0
122,92,3.0
122,81,1.5
122,102,4.0
122,30,3.5
122,107,4.5
122,138,2.5
122,87,1.5
122,33,3.5
122,101,3.5
122,43,3.5
122,10,3.0
122,40,5.0
122,134,4.0
122,53,4.5
122,129,4.5
122,70,3.0
122,71,2.5
122,2,1.5
122,93,4.0
122,19,5.0
122,65,4.5
122,38,5.0
123,146,4.0
123,136,4.0
123,13,3.5
123,96,2.0
123,67,4.0
123,101,3.5
123,82,1.5
123,131,4.5
123,12,5.0
123,52,5.0
123,30,3.5
123,20,3.0
123,108,3.0
123,115,2.5
123,99,1.0
123,102,1.5
123,21,1.5
123,84,1.5
123,127,2.0
123,39,4.0
123,116,3.0
123,40,3.5
123,5,3.0
123,122,3.0
123,71,5.0
123,50,5.0
123,2,2.0
123,6,1.0
123,117,3.0
124,145,2.0
124,40,5.0
124,23,3.0
124,36,5.0
124,67,3.5
124,41,3.0
124,58,3.0
124,110,2.0
124,38,5.0
124,68,3.5
124,113,2.0
124,90,2.5
124,3,2.5
124,95,2.0
124,34,2.0
124,105,5.0
124,74,2.5
124,44,1.0
124,102,3.5
124,129,3.0
124,112,4.5
124,69,1.5
124,46,4.0
124,114,3.5
124,123,5.0
124,26,1.5
124,37,5.0
124,22,2.0
124,53,3.5
124,29,2.5
124,89,3.0
125,83,5.0
125,86,5.0
125,73,3.0
125,87,3.5
125,21,4.5
125,63,2.5
125,26,5.0
125,41,3.0
125,30,2.5
125,116,3.5
125,82,5.0
125,4,2.5
125,117,3.0
125,133,1.5
125,128,4.0
125,122,4.5
125,146,4.5
125,142,3.5
125,140,1.5
125,47,2.0
125,127,5.0
125,118,3.0
125,115,2.0
125,130,2.0
125,58,3.0
125,61,2.0
125,92,3.0
125,109,3.0
125,107,1.5
125,141,3.0
125,11,2.0
125,16,1.5
125,78,2.5
125,54,5.0
125,13,1.0
125,89,4.5
125,100,3.5
125,24,4.0
125,95,2.5
126,6,4.5
126,61,2.5
126,30,2.5
126,11,2.5
126,80,2.0
126,112,4.5
126,8,3.5
126,113,2.0
126,103,4.5
126,108,2.5
126,37,5.0
126,43,3.0
126,22,1.5
126,39,5.0
126,35,1.0
126,36,5.0
126,133,4.5
126,40,5.0
126,139,2.5
126,45,1.5
126,120,2.5
126,50,3.5
126,62,2.0
126,86,3.0
126,48,4.0
126,38,5.0
126,68,5.0
126,130,2.0
126,107,3.5
126,46,4.5
126,2,2.5
126,55,3.0
126,142,3.5
126,66,3.0
126,63,2.5
126,101,4.0
126,52,2.5
126,20,2.0
126,129,4.0
126,33,2.0
126,4,3.0
126,75,2.5
126,140,3.5
126,19,3.0
127,5,3.5
127,56,3.0
127,129,3.5
127,27,3.5
127,22,3.5
127,54,4.0
127,65,3.0
127,137,1.0
127,124,5.0
127,69,2.5
127,144,1.0
127,96,1.5
127,128,5.0
127,34,3.5
127,73,3.5
127,2,2.0
127,108,2.5
127,19,4.5
127,81,2.0
127,106,3.5
127,67,3.5
127,103,1.5
127,130,1.5
127,44,3.0
127,145,5.0
127,125,5.0
127,97,3.0
127,57,1.0
127,122,5.0
127,45,4.0
127,146,4.0
127,133,1.0
127,110,3.5
127,77,2.5
127,116,4.0
127,123,4.0
127,4,3.0
127,14,2.5
127,49,3.5
127,134,4.0
127,55,3.0
127,127,5.0
127,66,5.0
128,70,5.0
128,54,5.0
128,18,2.5
128,31,3.5
128,4,4.5
128,15,3.5
128,41,2.0
128,122,3.5
128,75,5.0
128,64,3.0
128,99,2.0
128,77,2.5
128,19,3.5
128,33,4.5
128,87,2.0
128,69,3.5
128,56,4.5
128,79,3.5
128,144,1.5
128,49,2.5
128,71,5.0
128,109,3.5
128,111,4.0
128,30,3.5
128,67,2.5
128,125,4.5
128,58,1.5
128,146,4.5
129,139,1.0
129,32,1.5
129,102,2.0
129,8,3.0
129,110,2.5
129,34,2.5
129,68,3.5
129,54,5.0
129,17,5.0
129,52,4.5
129,76,5.0
129,144,1.5
129,70,3.0
129,134,3.5
129,69,2.5
129,33,4.5
129,61,1.0
129,49,3.5
129,127,5.0
129,103,1.0
129,85,3.5
129,75,5.0
129,60,1.5
130,38,3.0
130,70,2.5
130,19,4.0
130,83,5.0
130,36,5.0
130,42,5.0
130,73,2.5
130,21,4.5
130,141,2.5
130,66,5.0
130,52,1.5
130,4,4.0
130,127,3.0
130,93,3.0
130,64,3.5
130,111,3.5
130,139,4.5
130,58,2.0
130,18,4.0
130,15,4.0
130,2,4.5
130,144,1.5
130,146,2.0
130,118,2.0
130,143,2.0
130,48,4.0
130,49,2.5
130,104,3.0
130,8,5.0
130,124,2.0
130,147,2.0
130,116,3.0
130,117,2.5
130,59,4.0
130,10,2.5
130,119,3.0
130,88,2.5
130,134,5.0
130,16,5.0
130,44,3.0
130,54,1.0
130,102,2.5
130,114,2.5
130,137,1.0
131,82,2.5
131,62,1.0
131,12,5.0
131,130,4.0
131,107,5.0
131,20,4.5
131,59,3.5
131,13,5.0
131,138,3.0
131,101,5.0
131,120,3.5
131,54,2.0
131,35,3.0
131,84,1.5
131,2,4.0
131,67,4.5
131,128,2.5
131,136,2.5
131,49,3.5
131,100,1.0
131,32,2.5
131,36,4.5
131,23,2.5
131,131,5.0
131,48,3.0
131,118,3.0
131,112,4.0
131,40,4.0
131,18,3.0
131,105,3.5
131,68,5.0
131,77,4.5
131,76,4.0
131,8,4.5
131,93,3.0
131,97,2.0
131,6,3.5
131,57,1.0
131,95,2.5
131,103,3.5
131,126,2.0
131,64,5.0
132,63,3.0
132,70,4.5
132,135,4.0
132,71,5.0
132,129,4.5
132,121,5.0
132,39,1.0
132,2,3.5
132,90,1.0
132,124,3.5
132,75,5.0
132,32,1.5
132,113,3.5
132,100,3.0
132,76,5.0
132,126,1.5
132,118,4.0
132,99,1.5
132,98,3.0
132,72,5.0
132,69,4.0
132,108,2.5
132,80,3.0
132,57,1.0
133,82,3.5
133,35,4.0
133,115,5.0
133,76,5.0
133,27,5.0
133,83,4.5
133,139,2.5
133,105,3.0
133,39,1.5
133,106,3.5
133,80,1.5
133,77,1.0
133,33,4.0
133,49,4.5
133,138,2.5
133,34,5.0
133,119,5.0
133,97,2.0
133,78,2.5
133,25,4.0
133,29,5.0
133,86,4.0
133,145,3.5
133,128,5.0
133,5,5.0
133,32,3.5
133,28,4.0
133,93,4.5
133,88,3.0
133,31,5.0
133,101,2.5
134,96,1.0
134,84,1.5
134,26,3.0
134,109,4.0
134,11,1.5
134,89,2.0
134,65,5.0
134,36,4.0
134,123,5.0
134,24,1.5
134,137,2.5
134,131,5.0
134,53,3.5
134,43,3.0
134,18,2.5
134,134,5.0
134,97,2.0
134,4,3.5
134,74,2.5
134,12,5.0
134,85,2.0
134,73,2.0
134,38,4.5
134,78,3.0
134,99,1.0
134,141,2.5
134,70,3.0
134,52,3.0
134,129,5.0
134,34,4.0
134,107,5.0
134,145,3.0
134,140,3.0
134,76,4.0
134,90,2.5
134,39,4.0
134,104,2.5
134,19,4.0
134,135,4.5
134,15,2.5
134,92,2.5
134,13,5.0
134,17,3.0
134,2,4.5
135,59,2.5
135,23,2.0
135,139,3.5
135,72,4.5
135,75,3.0
135,144,1.5
135,54,2.5
135,138,2.5
135,107,4.0
135,99,1.0
135,34,1.5
135,7,1.0
135,65,4.5
135,2,4.0
135,10,2.5
135,89,1.5
135,111,4.5
135,20,4.5
135,112,4.0
135,113,2.0
135,120,2.0
135,108,2.0
135,32,2.5
135,53,4.5
135,103,2.0
135,121,3.0
135,142,3.5
135,33,2.5
135,48,4.0
135,101,5.0
135,3,5.0
135,83,3.5
135,123,5.0
135,94,2.0
135,44,2.5
135,109,5.0
135,17,2.5
136,1,2.0
136,126,3.0
136,127,4.5
136,15,4.5
136,23,2.5
136,67,4.0
136,28,3.0
136,111,3.5
136,9,3.5
136,78,4.0
136,56,4.5
136,69,2.5
136,64,5.0
136,33,4.0
136,10,3.0
136,17,3.0
136,145,4.5
136,44,3.5
136,48,3.5
136,19,4.0
136,114,3.0
136,135,3.0
136,119,3.5
136,89,2.5
136,121,4.0
136,60,2.0
136,120,4.0
136,71,4.5
136,40,1.5
136,14,3.0
136,125,4.5
136,2,2.5
136,108,3.0
136,146,4.0
136,74,4.0
137,5,4.0
137,112,4.0
137,46,4.0
137,67,4.0
137,74,3.0
137,39,2.5
137,99,1.5
137,106,3.5
137,12,4.5
137,54,5.0
137,113,3.0
137,110,3.0
137,75,3.5
137,117,4.0
137,16,5.0
137,100,4.0
137,122,3.5
137,27,2.5
137,72,5.0
137,101,5.0
137,33,4.0
137,97,4.0
137,31,3.5
137,55,2.5
137,132,2.5
137,35,4.0
137,17,4.0
137,6,2.5
137,29,5.0
137,88,2.0
137,3,4.0
137,8,3.0
137,60,1.5
137,7,1.0
137,119,4.0
137,44,3.5
137,131,4.5
137,114,3.0
137,11,2.0
137,69,1.5
137,123,4.5
137,52,5.0
138,98,2.5
138,74,3.0
138,70,3.0
138,17,4.0
138,8,3.0
138,135,2.5
138,65,5.0
138,1,2.5
138,123,5.0
138,19,4.0
138,5,2.5
138,127,2.5
138,104,3.0
138,36,4.0
138,26,2.5
138,53,3.5
138,129,5.0
138,130,5.0
138,20,5.0
138,52,2.0
138,38,2.0
138,14,2.5
139,79,3.0
139,123,4.5
139,46,3.5
139,130,4.5
139,13,5.0
139,101,5.0
139,132,3.5
139,37,1.5
139,47,4.0
139,43,3.0
139,83,1.5
139,64,4.5
139,27,2.5
139,77,3.5
139,93,3.5
139,5,2.0
139,12,5.0
139,141,3.0
139,105,4.0
139,4,4.5
139,72,1.5
139,11,3.5
139,106,4.0
139,70,2.0
139,131,5.0
139,42,5.0
139,40,5.0
139,119,2.0
139,109,4.5
139,134,4.5
139,30,3.0
139,115,1.5
139,76,2.0
139,44,2.5
139,3,4.5
140,88,4.5
140,89,4.0
140,142,2.5
140,123,1.5
140,120,4.5
140,47,1.5
140,46,1.0
140,37,2.5
140,49,5.0
140,52,2.5
140,25,3.5
140,66,5.0
140,41,2.5
140,27,5.0
140,53,2.5
140,72,3.0
140,108,2.5
140,106,2.5
140,29,5.0
140,5,4.0
141,20,4.0
141,131,5.0
141,101,4.5
141,84,1.0
141,115,3.0
141,111,4.0
141,14,4.5
141,147,1.0
141,138,3.0
141,132,2.5
141,97,2.5
141,74,2.5
141,76,3.5
141,2,4.0
141,71,3.5
141,102,2.5
141,49,2.0
141,68,5.0
141,100,2.5
141,64,5.0
141,141,4.0
141,109,4.5
141,1,2.5
141,4,3.5
142,110,3.5
142,109,3.0
142,76,4.5
142,32,3.0
142,19,3.5
142,142,3.0
142,99,2.5
142,122,5.0
142,107,1.0
142,124,4.5
142,25,3.0
142,74,3.0
142,101,3.5
142,17,5.0
142,22,4.5
142,95,1.5
142,127,5.0
142,100,4.5
142,6,1.0
142,144,1.0
142,20,3.5
142,33,5.0
142,145,4.5
142,117,3.5
142,138,1.0
142,98,3.5
142,43,2.5
142,49,2.5
142,140,1.5
142,53,3.0
142,54,5.0
142,45,3.5
142,48,3.5
142,126,3.5
143,130,4.0
143,7,1.0
143,52,4.0
143,53,4.0
143,70,5.0
143,118,4.0
143,51,3.5
143,113,3.5
143,23,2.5
143,75,4.5
143,54,4.5
143,74,4.0
143,17,4.0
143,141,4.0
143,131,2.0
143,121,5.0
143,71,5.0
143,45,5.0
143,129,3.0
143,27,1.0
144,20,2.5
144,91,3.5
144,87,4.5
144,113,1.5
144,89,5.0
144,105,4.0
144,64,1.5
144,77,2.0
144,94,2.5
144,84,5.0
144,80,4.5
144,29,1.5
144,37,4.5
144,54,1.5
144,3,2.0
144,63,2.0
144,1,1.5
144,83,5.0
144,93,4.0
144,13,3.0
144,112,3.0
144,97,3.5
144,90,5.0
144,95,2.0
144,101,2.0
144,98,1.5
144,16,2.0
144,81,5.0
144,49,3.0
144,39,5.0
144,108,2.5
144,36,5.0
144,116,3.0
144,25,5.0
144,57,3.5
144,41,1.5
144,2,1.5
144,32,3.5
144,46,2.5
144,43,2.5
144,120,2.5
144,10,2.0
144,56,2.5
145,60,5.0
145,7,3.5
145,97,5.0
145,104,4.5
145,62,4.0
145,94,5.0
145,144,5.0
145,43,3.5
145,93,4.5
145,95,5.0
145,91,4.5
145,137,4.5
145,87,5.0
145,21,2.5
145,102,5.0
145,23,3.5
145,6,5.0
145,82,2.0
145,147,1.5
145,103,5.0
145,134,2.0
145,120,1.5
145,89,2.5
145,41,5.0
145,2,3.0
145,42,5.0
145,40,3.0
145,138,5.0
145,61,5.0
145,133,1.5
145,84,2.0
145,3,3.5
145,30,1.5
145,141,4.0
145,92,4.5
145,47,3.5
145,107,4.5
145,117,2.5
145,143,4.5
146,46,3.5
146,96,1.5
146,89,4.5
146,21,1.5
146,27,3.0
146,104,1.0
146,137,2.0
146,85,3.5
146,83,4.0
146,98,3.5
146,66,4.0
146,9,2.5
146,59,2.0
146,131,3.0
146,121,2.0
146,136,4.5
146,23,2.5
146,75,5.0
146,86,3.5
146,30,3.5
146,29,3.0
146,119,2.5
146,102,1.0
146,38,1.5
146,4,3.5
146,19,4.5
146,76,4.0
146,143,3.5
146,71,2.0
146,14,3.5
146,3,3.5
146,111,4.5
146,26,5.0
146,64,3.0
146,92,2.5
146,73,3.0
146,17,5.0
146,122,5.0
146,63,2.0
146,99,1.0
146,1,3.5
147,71,3.5
147,64,3.0
147,29,5.0
147,131,2.5
147,145,5.0
147,9,3.0
147,118,5.0
147,94,1.5
147,35,5.0
147,92,4.0
147,22,3.0
147,12,2.5
147,147,3.5
147,66,4.5
147,140,1.5
147,65,3.0
147,132,1.5
147,128,5.0
147,50,4.0
147,104,2.5
147,97,1.5
147,116,4.0
147,53,3.0
147,27,5.0
147,90,3.0
147,117,4.5
147,115,4.0
147,85,4.0
147,15,2.5
147,4,2.0
147,79,2.5
147,60,2.5
147,135,4.5
147,11,1.5
147,96,2.5
147,86,3.5
147,139,2.5
147,130,3.0
147,108,2.5
147,3,2.5
147,68,3.0
147,127,3.0
147,58,2.5
148,87,4.0
148,62,4.0
148,61,5.0
148,124,1.5
148,99,4.0
148,107,4.0
148,45,4.5
148,12,3.5
148,109,2.0
148,78,3.5
148,65,2.5
148,101,1.5
148,94,5.0
148,144,5.0
148,25,3.5
148,93,4.5
148,8,1.5
148,121,2.5
148,95,5.0
148,63,1.0
148,118,1.5
148,73,3.5
148,41,5.0
148,9,4.0
148,140,5.0
148,104,4.0
148,106,3.5
148,138,5.0
148,110,2.5
148,60,5.0
148,15,3.5
148,53,3.0
149,126,2.0
149,120,2.5
149,143,3.0
149,99,2.5
149,48,3.0
149,70,3.0
149,123,5.0
149,40,4.0
149,35,3.0
149,110,2.5
149,66,5.0
149,18,4.0
149,50,3.5
149,107,4.0
149,115,3.0
149,67,5.0
149,68,5.0
149,16,5.0
149,146,4.0
149,118,3.0
149,33,3.5
149,96,2.5
149,44,3.0
149,4,4.0
149,23,2.5
149,13,5.0
149,27,3.0
149,121,3.5
149,114,3.0
149,139,4.5
149,83,2.5
149,69,2.5
149,113,3.0
149,63,4.5
149,74,4.0
149,129,5.0
149,127,2.5
149,130,4.0
150,90,5.0
150,85,4.5
150,99,3.0
150,126,5.0
150,82,5.0
150,9,3.0
150,145,3.0
150,34,3.0
150,77,2.5
150,58,3.0
150,62,5.0
150,61,3.5
150,135,2.0
150,102,2.5
150,8,3.0
150,108,3.0
150,98,1.5
150,81,4.0
150,112,2.0
150,68,2.5
150,24,5.0
150,46,3.0
150,35,3.0
150,89,5.0
150,86,5.0
150,78,2.0
150,114,2.5
150,80,4.0
150,132,2.0
150,26,4.0
150,109,2.0
150,42,3.0
150,33,2.5
150,69,2.0
150,104,3.0
150,103,4.0
150,32,2.5
150,57,3.5
150,84,5.0
150,21,5.0
150,41,3.0
150,128,3.5
150,66,2.5
150,97,2.0
150,67,3.0
151,7,2.5
151,47,3.0
151,104,2.0
151,49,3.5
151,13,1.0
151,51,3.0
151,109,4.5
151,18,3.5
151,111,3.0
151,118,3.5
151,96,2.0
151,35,5.0
151,121,2.5
151,30,4.5
151,133,2.0
151,108,3.0
151,9,2.5
151,75,5.0
151,68,3.5
151,64,2.5
151,90,2.5
151,131,5.0
151,40,1.5
151,95,1.0
151,105,1.0
151,102,2.5
151,74,4.0
151,57,2.5
151,116,4.5
151,43,2.5
151,27,2.0
152,28,3.0
152,41,2.0
152,53,5.0
152,66,3.0
152,38,5.0
152,12,4.0
152,101,3.5
152,5,2.0
152,121,4.0
152,136,5.0
152,105,5.0
152,84,1.0
152,98,2.0
152,97,3.0
152,137,2.0
152,142,4.5
152,57,1.5
152,89,2.5
152,119,2.5
152,1,3.0
152,72,4.0
152,106,3.0
152,49,3.0
152,40,5.0
152,31,3.0
152,77,3.0
152,135,3.0
152,133,4.5
152,48,3.5
152,117,2.0
152,107,3.5
152,69,2.5
152,52,3.0
152,20,2.0
152,116,2.0
152,50,2.0
152,65,2.0
152,62,2.0
152,139,4.5
152,141,5.0
152,123,3.5
152,64,3.5
152,33,1.5
152,46,3.0
153,86,3.0
153,139,1.5
153,119,2.0
153,6,5.0
153,135,2.0
153,144,5.0
153,106,4.0
153,18,2.5
153,120,2.0
153,96,4.0
153,53,4.5
153,136,1.5
153,89,2.5
153,130,1.5
153,98,1.5
153,46,4.5
153,91,4.5
153,80,2.0
153,61,5.0
153,22,3.0
153,102,4.5
153,63,1.0
153,141,4.5
153,143,4.5
153,111,2.5
153,41,5.0
153,104,5.0
153,5,2.0
153,124,2.0
153,76,3.5
153,59,5.0
153,43,3.0
153,146,2.0
153,83,1.5
153,132,3.0
153,65,2.0
153,79,2.5
153,122,3.5
153,140,5.0
154,30,4.5
154,108,2.5
154,50,4.5
154,147,1.0
154,111,3.5
154,79,4.0
154,127,2.5
154,75,4.5
154,38,1.5
154,101,4.5
154,54,5.0
154,6,1.0
154,121,4.5
154,8,4.5
154,100,4.0
154,26,3.0
154,64,4.5
154,126,3.5
154,15,3.0
154,84,1.0
154,28,3.5
154,119,5.0
154,67,3.5
154,56,4.5
154,72,5.0
154,17,5.0
154,97,3.5
154,71,5.0
154,27,2.0
154,66,3.5
154,109,3.5
154,135,3.5
154,78,3.5
154,10,4.0
154,143,3.0
154,48,3.5
154,51,5.0
155,2,4.0
155,131,5.0
155,111,4.0
155,123,5.0
155,10,2.5
155,109,4.5
155,139,3.0
155,88,2.0
155,72,1.5
155,65,5.0
155,108,3.5
155,134,5.0
155,94,2.0
155,32,1.5
155,3,4.0
155,100,3.5
155,8,4.0
155,62,1.0
155,138,4.5
155,70,3.5
155,31,3.5
155,52,3.0
155,63,4.5
155,13,5.0
155,104,2.0
155,92,2.0
155,102,3.5
155,97,2.5
155,20,4.5
155,19,3.0
155,12,5.0
155,112,5.0
155,14,3.5
155,105,4.0
155,95,2.0
155,122,2.0
155,23,2.5
155,86,3.0
155,116,1.5
155,47,4.0
155,16,5.0
156,47,3.5
156,74,3.5
156,128,5.0
156,73,4.5
156,49,3.5
156,10,4.5
156,22,3.0
156,99,2.5
156,8,4.5
156,30,3.0
156,51,5.0
156,52,5.0
156,142,5.0
156,33,3.0
156,54,5.0
156,20,3.5
156,62,1.0
156,55,3.5
156,15,3.5
156,89,1.0
157,98,2.0
157,84,5.0
157,34,2.5
157,122,2.0
157,3,2.5
157,28,2.5
157,63,4.0
157,83,5.0
157,24,5.0
157,21,5.0
157,27,3.0
157,55,2.0
157,4,2.5
157,89,5.0
157,33,4.5
157,56,2.5
157,52,2.5
157,82,5.0
157,118,3.0
157,23,5.0
157,53,2.5
157,11,2.5
157,111,2.0
157,140,2.0
157,85,5.0
157,139,2.5
157,65,2.5
157,66,3.0
157,9,3.0
157,32,3.0
157,79,4.5
157,81,4.5
157,26,3.0
157,50,2.5
157,25,5.0
157,87,4.5
157,109,2.0
157,13,2.5
157,78,2.0
157,144,2.0
157,75,1.5
158,97,3.0
158,121,5.0
158,104,1.5
158,25,2.0
158,145,3.0
158,115,3.0
158,75,5.0
158,28,3.5
158,29,3.0
158,79,3.0
158,64,5.0
158,96,1.0
158,56,5.0
158,71,5.0
158,32,2.5
158,26,3.0
158,13,1.5
158,120,3.5
158,73,4.0
158,140,1.5
158,110,3.5
158,113,3.0
158,119,3.0
158,138,1.0
158,105,1.0
158,17,3.5
158,89,2.0
158,19,2.5
158,14,5.0
158,99,2.5
158,27,2.5
158,128,3.5
158,21,2.0
158,6,3.0
158,123,3.0
158,72,5.0
158,51,4.5
158,42,3.0
158,111,4.5
158,126,3.0
158,50,5.0
159,126,3.0
159,41,1.0
159,108,4.0
159,17,2.5
159,4,3.5
159,5,3.0
159,29,3.0
159,99,2.5
159,55,3.5
159,3,4.0
159,146,5.0
159,72,5.0
159,59,1.0
159,71,5.0
159,70,5.0
159,79,4.0
159,128,3.0
159,51,5.0
159,1,3.5
159,124,4.0
159,50,5.0
160,17,5.0
160,34,4.5
160,75,5.0
160,26,5.0
160,119,4.0
160,121,2.0
160,125,4.5
160,8,1.5
160,64,2.0
160,54,5.0
160,106,4.5
160,87,1.0
160,51,2.0
160,39,1.5
160,98,4.0
160,21,1.5
160,127,5.0
160,85,3.0
160,18,2.5
160,107,1.5
160,65,3.0
160,29,4.5
160,142,2.0
160,110,3.5
160,88,3.5
160,80,1.5
160,66,3.5
160,28,3.5
160,24,2.5
160,68,3.0
160,112,3.0
160,124,4.0
160,147,3.5
160,48,2.0
160,134,3.0
160,120,5.0
160,10,3.0
160,49,3.5
161,43,2.5
161,33,4.0
161,112,3.0
161,53,4.0
161,76,4.0
161,91,2.0
161,118,2.5
161,46,3.0
161,29,2.5
161,145,4.0
161,49,2.5
161,90,5.0
161,92,2.5
161,79,4.5
161,32,2.0
161,23,5.0
161,75,3.0
161,110,3.0
161,97,2.0
161,131,2.0
161,143,3.5
161,100,2.0
161,15,3.0
161,63,3.0
161,86,5.0
161,84,5.0
161,25,5.0
161,83,5.0
162,71,5.0
162,53,4.5
162,57,1.0
162,66,2.5
162,128,3.0
162,142,3.0
162,125,2.5
162,31,3.5
162,42,2.0
162,84,2.5
162,99,1.0
162,113,3.0
162,41,1.5
162,48,4.0
162,111,4.0
162,74,3.5
162,122,3.5
162,121,5.0
162,55,4.0
162,117,3.5
162,32,1.5
162,18,3.5
162,63,3.0
162,73,2.5
162,13,1.5
162,68,4.0
162,98,4.0
162,89,1.5
162,9,4.0
162,15,3.5
162,52,4.5
162,110,3.0
162,80,2.0
162,145,4.0
162,76,4.0
162,85,1.5
162,44,4.5
162,5,4.0
162,6,2.0
162,64,5.0
162,105,2.5
162,106,3.0
162,26,3.5
162,129,4.0
163,8,2.0
163,77,2.0
163,85,3.5
163,104,4.0
163,93,4.0
163,2,1.5
163,92,5.0
163,44,2.0
163,116,3.0
163,29,4.0
163,107,4.0
163,91,5.0
163,96,2.5
163,28,5.0
163,99,2.5
163,111,3.5
163,72,2.0
163,47,3.0
163,27,5.0
163,39,4.5
164,119,5.0
164,99,1.5
164,106,3.5
164,43,2.0
164,70,3.0
164,26,5.0
164,35,4.5
164,15,3.0
164,19,5.0
164,30,2.5
164,86,4.0
164,66,5.0
164,38,2.0
164,127,5.0
164,77,3.0
164,135,4.0
164,96,4.0
164,3,4.0
164,134,4.0
164,80,2.0
164,69,3.0
165,7,2.0
165,89,1.5
165,103,4.5
165,1,3.0
165,71,2.0
165,48,4.0
165,118,2.5
165,9,2.0
165,91,1.0
165,85,2.0
165,124,2.5
165,140,3.0
165,40,5.0
165,52,3.0
165,143,3.0
165,18,4.0
165,119,1.5
165,3,3.0
165,67,4.0
165,26,3.5
165,87,3.0
165,6,3.5
165,31,1.0
165,47,3.5
165,38,5.0
166,58,1.0
166,114,3.5
166,109,3.0
166,124,5.0
166,119,4.0
166,88,3.0
166,22,4.0
166,94,1.0
166,129,3.5
166,96,2.0
166,131,2.0
166,147,3.0
166,53,2.5
166,110,3.5
166,79,2.5
166,68,3.0
166,33,4.0
166,34,5.0
166,27,4.5
166,93,3.5
166,65,3.0
166,77,2.5
166,66,5.0
166,126,2.0
166,14,3.0
166,146,4.0
166,125,4.5
166,99,1.0
166,115,3.5
166,20,3.0
166,116,3.0
166,30,4.0
166,73,3.0
166,26,5.0
166,35,5.0
166,17,5.0
166,43,1.5
166,76,5.0
166,49,4.0
166,117,5.0
166,31,5.0
166,139,2.0
166,47,3.5
166,12,4.0
166,36,2.0
167,6,3.0
167,94,3.0
167,84,2.5
167,133,4.0
167,57,2.5
167,40,5.0
167,64,3.5
167,36,5.0
167,87,2.0
167,111,4.0
167,30,1.5
167,39,5.0
167,130,2.0
167,63,1.5
167,67,4.5
167,105,5.0
167,76,2.5
167,13,4.0
167,117,2.5
167,136,4.5
167,12,3.5
167,22,2.0
167,103,4.0
167,82,2.5
167,42,4.0
167,68,4.5
167,62,1.5
167,27,3.0
167,17,2.5
167,49,4.0
167,72,2.0
167,55,2.5
167,79,4.0
167,19,4.5
167,116,2.5
168,91,3.5
168,25,3.0
168,58,2.5
168,57,2.5
168,90,3.0
168,96,3.0
168,103,5.0
168,18,3.5
168,40,5.0
168,4,2.0
168,61,5.0
168,59,5.0
168,106,3.5
168,30,3.0
168,94,3.0
168,41,3.0
168,49,2.5
168,105,5.0
168,12,3.5
168,44,2.0
168,51,3.0
168,104,5.0
168,36,5.0
168,140,5.0
168,147,2.0
168,122,1.5
168,99,2.5
168,14,3.5
168,132,4.5
168,73,2.0
168,32,2.5
168,43,5.0
168,118,1.5
168,74,2.5
168,66,2.0
168,108,2.0
168,123,4.5
168,111,3.5
168,50,2.5
168,95,4.0
168,133,5.0
168,22,2.5
169,18,3.5
169,97,4.5
169,20,2.0
169,13,1.0
169,56,5.0
169,41,3.5
169,22,4.5
169,42,2.5
169,76,4.0
169,113,4.0
169,126,3.0
169,112,3.5
169,94,3.5
169,135,4.5
169,74,4.0
169,60,3.0
169,50,5.0
169,119,3.0
169,9,5.0
169,102,3.0
169,129,3.5
169,72,5.0
169,10,2.0
170,35,3.5
170,71,5.0
170,121,4.5
170,126,4.0
170,75,4.0
170,72,4.0
170,106,3.5
170,63,3.0
170,14,3.0
170,19,2.5
170,115,4.0
170,4,3.0
170,8,2.5
170,131,4.0
170,108,3.0
170,1,4.0
170,50,5.0
170,70,5.0
170,68,3.5
170,31,2.5
170,110,3.0
170,16,3.5
170,28,4.5
170,7,1.0
170,22,3.5
170,127,3.0
170,48,3.5
170,26,3.5
170,116,4.0
170,64,5.0
170,142,4.0
171,73,3.5
171,29,4.5
171,70,1.0
171,100,1.5
171,51,2.5
171,125,4.0
171,78,4.0
171,68,4.0
171,127,2.0
171,67,2.0
171,59,4.0
171,19,4.5
171,50,1.5
171,56,1.5
171,28,4.0
171,86,3.5
171,25,3.5
171,33,4.0
171,83,3.5
171,37,3.0
171,93,3.0
171,103,3.0
171,40,5.0
171,16,2.5
171,72,1.5
171,17,3.0
171,76,5.0
171,108,1.5
171,91,4.0
171,65,5.0
171,139,2.5
171,18,3.0
171,129,3.0
171,119,4.0
171,60,2.0
171,26,4.5
171,135,5.0
171,34,5.0
171,128,5.0
171,74,3.0
171,31,5.0
171,63,4.5
171,141,2.0
172,61,5.0
172,141,4.0
172,104,5.0
172,89,2.5
172,41,5.0
172,96,4.5
172,94,5.0
172,101,1.5
172,110,2.0
172,140,5.0
172,143,3.5
172,95,5.0
172,144,5.0
172,2,1.5
172,38,4.5
172,49,3.0
172,81,2.5
172,3,4.5
172,42,4.5
172,6,4.5
172,138,4.0
172,147,2.5
172,71,2.0
172,45,5.0
172,136,2.5
172,19,3.0
172,103,4.5
172,86,3.5
172,15,2.5
172,91,5.0
172,62,4.5
172,132,2.5
172,65,3.5
172,36,4.0
172,67,2.0
172,25,3.5
172,97,4.5
172,88,3.5
172,111,2.0
172,60,5.0
173,123,4.0
173,97,3.0
173,135,3.0
173,68,3.0
173,57,2.0
173,33,4.5
173,31,3.5
173,113,3.5
173,13,1.0
173,34,3.5
173,129,3.5
173,85,2.0
173,8,3.0
173,108,4.0
173,75,5.0
173,127,5.0
173,104,1.0
173,1,3.0
173,29,3.5
173,36,1.0
173,114,4.0
173,49,3.5
173,17,5.0
173,28,3.5
173,61,1.0
173,82,3.0
174,60,3.5
174,88,4.5
174,81,5.0
174,138,3.5
174,63,3.0
174,17,2.0
174,46,4.0
174,87,5.0
174,39,3.5
174,41,4.5
174,54,3.0
174,100,1.0
174,139,3.0
174,57,3.0
174,27,3.0
174,65,4.0
174,146,3.0
174,75,2.5
174,92,4.0
174,134,2.0
174,38,3.0
174,62,5.0
174,144,4.5
174,42,2.5
174,76,3.5
174,23,5.0
174,89,5.0
174,103,4.0
174,91,4.5
175,81,1.0
175,68,5.0
175,40,4.5
175,144,2.0
175,110,3.0
175,119,3.0
175,117,2.5
175,87,1.5
175,138,3.0
175,75,3.5
175,41,1.5
175,112,3.5
175,48,4.0
175,111,4.5
175,140,3.0
175,66,5.0
175,13,4.5
175,104,2.0
175,2,5.0
175,121,2.0
175,76,2.5
175,70,1.5
175,84,1.0
175,47,2.5
175,64,4.0
175,132,3.5
175,17,3.0
175,26,4.0
175,65,5.0
175,16,4.5
175,116,3.5
175,103,3.0
175,39,3.5
175,28,2.5
175,114,3.0
175,139,4.0
175,31,2.5
175,141,4.5
175,46,3.0
175,89,1.5
176,30,2.5
176,24,5.0
176,55,2.0
176,33,3.5
176,88,5.0
176,29,3.5
176,87,4.5
176,82,5.0
176,23,5.0
176,34,3.5
176,91,3.5
176,63,3.0
176,42,2.0
176,21,5.0
176,7,2.5
176,143,4.5
176,22,5.0
176,120,3.5
176,71,2.0
176,133,1.5
176,32,3.5
176,118,2.5
176,99,2.5
176,147,4.0
176,61,3.0
176,138,3.0
176,64,2.5
176,96,3.0
176,126,3.5
177,4,3.5
177,70,5.0
177,8,4.0
177,51,4.0
177,3,2.5
177,116,3.5
177,16,4.0
177,112,3.5
177,78,4.0
177,71,5.0
177,81,2.0
177,52,4.0
177,109,4.5
177,117,3.5
177,46,4.0
177,97,3.5
177,23,1.5
177,1,3.5
177,30,4.5
177,91,2.0
177,128,5.0
177,75,5.0
177,93,2.0
177,140,2.5
177,104,1.5
177,18,4.0
177,26,4.0
178,19,3.0
178,139,3.0
178,46,4.5
178,72,5.0
178,146,4.5
178,80,2.0
178,60,4.0
178,138,2.0
178,35,3.0
178,28,3.5
178,76,3.5
178,63,2.0
178,119,3.5
178,6,5.0
178,92,3.5
178,106,3.0
178,143,5.0
178,22,4.0
178,40,1.0
178,94,3.5
178,12,3.5
178,117,3.0
178,130,2.5
178,39,1.5
178,25,1.5
178,91,2.5
178,44,3.5
178,101,3.0
178,23,2.0
178,27,1.5
178,134,4.5
178,18,3.5
178,4,3.0
178,116,3.0
178,53,5.0
178,58,1.0
178,31,5.0
178,97,4.0
178,51,5.0
178,15,4.0
178,103,3.0
178,127,4.5
179,75,2.5
179,56,2.0
179,107,5.0
179,146,2.5
179,38,5.0
179,39,5.0
179,110,2.0
179,40,5.0
179,99,1.5
179,51,1.5
179,83,2.5
179,123,5.0
179,65,4.0
179,57,2.5
179,126,2.5
179,42,5.0
179,24,1.5
179,37,5.0
179,67,3.5
179,134,4.5
179,45,2.0
179,141,4.0
179,29,2.5
179,84,2.0
179,115,1.5
179,111,4.0
179,70,2.5
179,108,2.0
179,89,2.0
179,30,1.5
179,9,2.0
179,49,3.0
179,10,3.0
180,62,1.0
180,67,5.0
180,96,1.5
180,144,3.0
180,38,3.0
180,33,1.5
180,20,5.0
180,107,5.0
180,66,4.0
180,59,3.0
180,27,1.5
180,132,4.0
180,97,2.5
180,13,5.0
180,9,1.5
180,54,2.0
180,68,5.0
180,36,4.0
180,51,2.5
180,2,4.0
180,14,2.0
180,16,5.0
180,138,3.0
180,105,4.5
180,12,5.0
180,145,2.5
180,142,3.5
181,94,2.0
181,24,1.5
181,73,3.5
181,43,1.5
181,3,4.0
181,126,4.0
181,70,5.0
181,115,3.5
181,107,2.0
181,146,4.5
181,66,3.5
181,64,5.0
181,49,4.0
181,83,3.5
181,108,3.0
181,54,4.5
181,20,2.5
181,125,2.5
181,121,5.0
181,100,4.0
181,71,5.0
181,113,3.5
181,57,2.0
181,72,4.5
181,10,3.0
181,29,4.5
181,116,3.5
181,56,4.0
181,5,4.0
181,28,3.0
181,63,4.0
181,106,3.0
181,110,3.5
181,129,3.0
181,50,5.0
181,120,3.0
182,26,3.5
182,76,5.0
182,33,5.0
182,112,2.0
182,117,5.0
182,57,2.5
182,95,2.5
182,133,1.5
182,120,4.0
182,61,3.5
182,65,5.0
182,128,5.0
182,6,1.5
182,5,4.5
182,30,4.5
182,122,4.0
182,36,3.5
182,91,4.0
182,28,5.0
182,42,3.5
183,41,2.5
183,142,3.5
183,21,1.5
183,52,2.0
183,56,2.5
183,70,3.0
183,131,5.0
183,129,5.0
183,2,3.0
183,64,4.0
183,1,3.0
183,77,4.5
183,38,2.5
183,60,1.5
183,132,2.5
183,134,5.0
183,111,4.5
183,46,3.0
183,67,5.0
183,53,2.5
183,119,1.5
184,32,3.5
184,22,2.5
184,24,2.0
184,42,1.5
184,147,5.0
184,27,5.0
184,39,2.0
184,135,5.0
184,143,2.0
184,31,4.5
184,128,5.0
184,25,3.0
184,115,5.0
184,3,2.0
184,59,3.0
184,33,4.5
184,105,2.5
184,4,1.5
184,69,2.5
184,103,1.5
184,9,2.5
184,130,1.0
185,94,3.0
185,133,5.0
185,141,4.0
185,74,3.0
185,147,2.0
185,111,4.5
185,66,2.5
185,36,5.0
185,3,2.5
185,38,5.0
185,48,4.0
185,37,5.0
185,65,3.5
185,95,2.5
185,132,5.0
185,86,2.0
185,139,4.0
185,35,2.0
185,29,4.0
185,39,5.0
185,75,1.5
185,103,3.5
185,4,3.0
185,113,2.0
185,25,1.5
185,41,3.0
186,121,5.0
186,115,3.0
186,80,2.5
186,106,3.0
186,108,3.0
186,129,3.0
186,107,1.5
186,118,4.5
186,73,4.5
186,36,1.0
186,14,5.0
186,64,5.0
186,15,3.5
186,29,3.0
186,4,4.0
186,51,5.0
186,143,4.0
186,56,4.5
186,43,1.5
186,62,2.5
186,95,2.0
186,84,3.0
186,5,3.0
186,71,5.0
187,74,3.5
187,59,4.5
187,98,1.0
187,11,3.5
187,78,3.0
187,30,3.0
187,93,5.0
187,19,2.0
187,34,3.0
187,118,3.5
187,41,5.0
187,105,3.0
187,44,3.0
187,47,2.5
187,136,2.0
187,61,5.0
187,87,2.5
187,60,5.0
187,123,3.0
187,146,2.5
188,49,5.0
188,140,1.5
188,19,4.5
188,129,3.0
188,10,3.5
188,62,2.0
188,91,2.0
188,54,5.0
188,73,3.0
188,31,4.0
188,76,5.0
188,20,3.0
188,119,4.5
188,78,3.5
188,70,5.0
188,9,3.5
188,71,5.0
188,45,3.5
188,101,3.5
188,12,3.5
188,32,2.5
188,112,4.0
188,26,3.5
189,85,5.0
189,70,2.5
189,35,3.0
189,68,2.5
189,21,5.0
189,90,5.0
189,111,1.5
189,45,3.0
189,84,5.0
189,29,2.0
189,22,5.0
189,88,5.0
189,23,5.0
189,100,2.5
189,36,2.0
189,108,2.5
189,59,3.5
189,93,4.5
189,82,5.0
189,25,5.0
189,116,3.5
189,53,2.5
189,66,2.5
189,112,3.0
189,27,3.0
189,34,4.0
189,92,4.5
189,101,1.5
189,19,3.0
189,127,2.5
189,76,3.5
189,126,4.0
189,134,1.5
189,18,1.5
189,145,3.5
189,24,5.0
189,43,2.5
189,16,2.5
189,118,2.0
189,146,3.5
189,49,4.0
189,55,3.0
189,46,2.0
189,115,2.0
189,9,1.5
190,67,3.0
190,27,3.0
190,25,5.0
190,87,5.0
190,3,2.5
190,142,2.5
190,62,4.0
190,43,2.5
190,129,2.5
190,80,4.0
190,85,5.0
190,89,5.0
190,120,2.5
190,22,4.5
190,20,2.0
190,147,4.5
190,90,5.0
190,83,5.0
190,101,2.5
190,146,2.0
190,12,2.5
190,93,3.5
190,41,3.0
190,126,3.5
191,33,2.5
191,142,4.5
191,74,4.5
191,94,5.0
191,19,3.5
191,88,2.0
191,140,5.0
191,61,5.0
191,113,2.5
191,48,4.5
191,91,5.0
191,103,4.0
191,135,2.5
191,38,4.5
191,35,2.0
191,87,5.0
191,146,2.5
191,75,1.5
191,52,3.0
191,85,2.0
191,9,5.0
191,31,2.5
191,24,2.5
191,6,5.0
191,106,4.0
191,53,3.0
191,29,2.0
191,79,2.5
192,38,5.0
192,84,2.0
192,17,2.5
192,66,4.0
192,37,5.0
192,100,2.5
192,107,3.5
192,127,3.0
192,146,3.0
192,53,4.5
192,98,3.0
192,5,2.0
192,133,4.5
192,85,3.5
192,47,4.0
192,48,3.0
192,109,2.5
192,123,4.0
192,118,3.0
192,64,2.5
192,40,5.0
192,139,4.0
192,89,2.5
193,85,5.0
193,87,4.5
193,60,3.0
193,52,2.5
193,56,3.0
193,138,2.0
193,62,4.5
193,82,5.0
193,122,2.0
193,59,2.5
193,70,2.0
193,114,2.5
193,24,5.0
193,84,5.0
193,63,4.0
193,145,4.0
193,90,5.0
193,3,3.0
193,89,5.0
193,83,5.0
193,30,2.5
193,23,5.0
193,86,5.0
193,72,2.5
193,119,2.0
193,35,2.0
193,92,4.5
193,27,3.0
194,54,1.5
194,97,5.0
194,61,5.0
194,3,3.5
194,41,5.0
194,7,4.5
194,63,2.0
194,127,3.0
194,105,3.5
194,115,3.5
194,120,2.5
194,59,4.5
194,78,5.0
194,18,3.5
194,93,4.0
194,104,5.0
194,94,4.5
194,106,3.5
194,109,1.5
194,38,4.0
194,135,2.5
194,42,4.0
194,75,2.5
194,74,4.5
194,44,4.0
194,33,3.0
194,90,3.0
194,139,4.5
194,49,3.5
194,132,2.0
194,68,1.5
194,125,1.0
194,67,2.0
194,66,2.0
194,26,1.5
194,20,2.5
194,95,5.0
194,133,1.0
194,19,3.0
194,141,5.0
195,128,5.0
195,19,5.0
195,147,3.5
195,91,4.5
195,13,2.5
195,83,4.5
195,45,3.0
195,140,2.5
195,115,4.0
195,76,5.0
195,63,4.0
195,97,2.5
195,57,2.0
195,44,3.0
195,105,2.5
195,86,3.5
195,125,4.0
195,82,5.0
195,71,2.5
195,116,4.5
195,61,1.5
195,103,2.0
195,129,2.0
195,48,2.5
195,100,2.0
195,27,5.0
195,9,2.0
195,117,4.5
195,118,5.0
195,4,3.0
196,94,5.0
196,45,4.5
196,120,2.0
196,102,5.0
196,144,5.0
196,60,5.0
196,7,4.5
196,147,2.0
196,131,2.5
196,41,4.5
196,103,5.0
196,1,3.0
196,92,3.5
196,61,5.0
196,43,4.0
196,46,3.5
196,73,1.5
196,77,1.0
196,99,2.0
196,6,5.0
196,129,2.0
196,137,4.5
196,142,5.0
196,96,4.0
196,139,3.5
196,80,3.5
196,115,2.5
196,141,3.5
197,146,5.0
197,138,1.5
197,65,3.5
197,8,3.5
197,46,3.5
197,124,5.0
197,141,3.5
197,59,1.5
197,9,4.0
197,76,5.0
197,55,4.0
197,18,1.0
197,17,5.0
197,23,3.0
197,29,3.5
197,115,3.5
197,56,3.5
197,66,5.0
197,89,2.5
197,142,4.0
197,97,4.0
197,114,3.5
197,110,3.5
197,106,4.0
197,74,4.0
197,83,4.5
197,69,4.0
197,54,5.0
197,38,2.5
198,60,2.5
198,36,5.0
198,44,3.0
198,13,4.0
198,129,3.5
198,6,4.0
198,101,3.5
198,38,5.0
198,57,2.0
198,39,5.0
198,43,4.5
198,69,2.5
198,91,3.0
198,138,2.0
198,40,5.0
198,78,4.0
198,133,5.0
198,130,2.0
198,140,5.0
198,127,3.5
198,75,2.0
198,105,5.0
198,58,1.0
198,80,3.0
198,142,3.5
198,37,5.0
199,82,5.0
199,99,3.0
199,113,2.0
199,35,3.5
199,85,5.0
199,83,5.0
199,28,2.5
199,80,4.5
199,108,3.0
199,76,3.5
199,20,2.5
199,84,5.0
199,48,3.0
199,130,2.5
199,24,5.0
199,50,1.5
199,71,2.5
199,92,4.5
199,15,2.5
199,102,1.0
199,90,5.0
199,125,4.0
199,126,4.0
199,25,5.0
199,46,2.5
199,134,2.0
199,128,4.0
199,121,1.5
199,95,3.0
199,127,3.0
199,21,5.0
199,101,2.5
199,144,4.0
199,9,3.5
199,27,3.5
200,63,3.5
200,1,3.0
200,68,2.5
200,108,3.5
200,42,2.0
200,101,4.0
200,3,4.5
200,132,2.0
200,141,3.0
200,69,3.5
200,64,5.0
200,122,3.0
200,72,5.0
200,79,3.0
200,35,4.5
200,14,5.0
200,99,2.0
200,81,3.0
200,121,5.0
200,83,3.5
200,133,1.5
200,117,2.5
200,128,3.0
200,146,5.0
200,62,1.0
200,104,1.0
200,98,4.5
200,30,3.5
200,85,1.5
200,109,3.5
200,100,2.0
200,70,5.0
200,24,2.5
200,71,5.0
200,16,2.5
200,51,5.0
200,52,5.0
201,92,3.0
201,12,5.0
201,5,2.0
201,10,2.0
201,16,5.0
201,65,5.0
201,124,3.0
201,50,2.5
201,89,3.0
201,44,3.0
201,59,3.0
201,2,5.0
201,131,5.0
201,143,2.0
201,129,5.0
201,112,4.0
201,84,3.0
201,13,4.0
201,137,1.0
201,116,3.0
201,19,3.0
201,141,2.5
201,23,3.5
201,68,5.0
201,28,2.0
201,26,2.5
202,62,1.5
202,66,4.0
202,132,3.0
202,112,4.0
202,33,4.0
202,100,3.5
202,20,4.0
202,29,4.0
202,108,1.5
202,19,5.0
202,40,5.0
202,137,1.5
202,130,2.0
202,45,2.0
202,95,2.0
202,54,5.0
202,106,2.0
202,50,2.0
202,1,3.0
202,15,2.5
202,116,4.0
202,14,2.5
202,89,1.5
202,127,5.0
202,60,1.5
202,31,2.5
202,136,4.0
202,83,5.0
202,59,3.0
202,139,3.0
202,32,2.0
202,65,3.5
202,17,5.0
202,63,2.0
202,107,2.5
202,51,2.5
202,104,2.5
203,5,4.5
203,25,4.5
203,6,1.0
203,58,2.0
203,119,4.0
203,66,4.0
203,124,5.0
203,9,2.0
203,70,2.5
203,118,5.0
203,99,2.5
203,125,4.0
203,34,5.0
203,76,5.0
203,27,5.0
203,120,4.0
203,41,2.0
203,18,3.0
203,116,4.0
203,105,3.0
203,128,5.0
203,129,3.0
203,35,4.5
203,93,3.5
203,147,4.5
203,32,3.5
204,132,5.0
204,36,5.0
204,30,1.5
204,18,4.5
204,78,2.5
204,39,5.0
204,134,3.0
204,84,4.0
204,40,5.0
204,144,3.0
204,140,5.0
204,112,4.0
204,115,2.0
204,142,3.5
204,81,3.0
204,13,4.0
204,71,2.0
204,62,2.5
204,8,2.0
204,16,4.0
204,6,4.0
204,12,4.0
204,47,3.5
204,120,3.5
204,99,2.5
204,7,2.0
204,125,2.5
204,28,2.5
204,65,3.5
204,136,5.0
204,147,2.5
204,111,3.0
204,105,5.0
204,79,3.5
204,102,3.5
204,31,1.5
205,33,5.0
205,78,2.5
205,113,2.5
205,145,4.0
205,2,4.5
205,49,4.0
205,51,4.5
205,43,1.5
205,122,5.0
205,8,2.5
205,53,3.5
205,109,3.0
205,61,1.5
205,21,2.5
205,91,2.5
205,76,5.0
205,114,2.5
205,146,5.0
205,26,5.0
205,116,5.0
205,81,2.0
205,70,3.0
205,30,4.0
205,125,5.0
205,25,2.5
205,97,3.0
205,82,3.0
205,48,3.5
205,129,4.0
205,110,4.0
205,98,3.5
205,22,3.5
205,135,2.0
205,42,1.0
205,126,3.5
205,131,4.0
205,95,1.5
205,87,2.5
205,16,4.0
206,103,1.5
206,29,2.5
206,122,4.0
206,69,3.5
206,75,5.0
206,144,1.0
206,95,2.0
206,79,3.0
206,3,3.5
206,31,4.0
206,4,3.5
206,52,4.0
206,53,5.0
206,73,4.0
206,101,3.5
206,83,4.0
206,134,4.0
206,96,1.5
206,8,3.5
206,110,4.5
206,5,4.0
206,128,4.0
206,35,4.5
206,108,3.0
206,85,2.5
206,26,4.5
206,111,3.0
206,17,4.0
206,141,3.0
206,71,5.0
206,21,2.0
206,98,3.5
206,47,3.5
206,115,3.0
206,70,5.0
206,54,4.5
206,120,3.0
206,89,1.5
206,72,5.0
206,118,4.0
207,92,4.0
207,107,4.5
207,110,1.5
207,138,5.0
207,132,3.0
207,62,4.0
207,96,5.0
207,81,2.0
207,20,3.0
207,126,2.5
207,94,4.5
207,7,5.0
207,99,3.5
207,47,3.0
207,9,4.0
207,104,4.0
207,87,5.0
207,3,3.0
207,141,3.5
207,45,4.5
207,137,4.0
207,4,1.5
207,15,4.0
207,72,2.5
207,106,3.0
207,142,4.0
207,88,3.0
207,60,5.0
207,61,5.0
207,140,5.0
207,80,2.5
207,134,2.5
207,68,3.5
207,139,4.0
207,93,4.0
207,127,2.5
207,38,4.0
207,131,4.0
207,52,1.5
207,91,4.5
207,43,4.0
207,78,3.5
207,6,5.0
208,102,5.0
208,92,4.5
208,125,3.5
208,135,2.0
208,74,3.0
208,146,3.0
208,60,5.0
208,35,1.0
208,133,1.5
208,62,3.5
208,138,4.0
208,7,4.5
208,18,3.5
208,6,5.0
208,94,5.0
208,129,3.0
208,61,5.0
208,13,3.5
208,96,5.0
208,24,3.0
208,72,2.5
208,101,1.5
209,5,4.5
209,76,5.0
209,10,3.5
209,117,4.5
209,31,5.0
209,82,3.0
209,135,5.0
209,95,1.5
209,28,5.0
209,119,5.0
209,66,4.5
209,3,2.0
209,72,5.0
209,120,3.0
209,64,2.5
209,115,5.0
209,106,3.0
209,68,3.0
209,48,3.0
209,110,3.0
209,54,4.5
209,27,5.0
209,47,3.0
209,128,5.0
209,40,2.5
209,33,5.0
209,23,3.5
209,145,3.5
209,77,3.5
209,116,3.5
209,51,3.5
209,142,2.5
209,107,1.5
209,102,2.5
209,63,4.5
210,117,3.5
210,66,5.0
210,130,2.0
210,57,2.0
210,127,5.0
210,5,3.0
210,53,2.5
210,125,3.5
210,131,3.5
210,112,3.0
210,97,2.5
210,121,2.5
210,104,2.0
210,36,1.0
210,71,3.0
210,96,1.0
210,86,5.0
210,128,4.5
210,72,2.0
210,26,5.0
210,31,3.5
210,2,3.0
210,10,3.0
210,59,2.5
210,119,3.5
210,62,3.0
210,122,4.5
210,17,4.5
210,77,3.0
210,85,5.0
210,129,3.0
210,16,3.5
210,51,3.0
210,95,2.0
210,145,5.0
210,78,4.0
210,83,5.0
210,124,4.0
210,114,4.0
210,116,4.5
210,132,1.0
211,89,5.0
211,71,3.5
211,34,3.5
211,72,4.0
211,121,4.5
211,29,2.0
211,57,3.5
211,146,5.0
211,131,2.5
211,7,2.0
211,81,5.0
211,13,2.0
211,134,2.5
211,68,2.0
211,65,1.5
211,41,2.5
211,83,5.0
211,23,5.0
211,113,2.5
211,76,2.5
211,120,4.0
211,25,5.0
211,110,2.0
211,12,2.5
211,112,1.5
211,77,3.0
211,11,2.5
211,35,4.0
211,104,3.0
211,64,3.0
211,82,5.0
211,138,2.5
211,8,3.0
211,66,3.0
211,54,3.5
211,19,4.0
211,140,2.5
212,30,3.0
212,25,5.0
212,15,2.0
212,50,2.5
212,45,2.5
212,85,5.0
212,103,2.5
212,136,3.0
212,19,3.0
212,23,5.0
212,58,3.5
212,87,5.0
212,109,3.0
212,90,5.0
212,89,5.0
212,124,3.5
212,47,2.5
212,33,4.0
212,39,2.0
212,71,4.0
212,68,2.5
212,108,2.0
212,1,2.5
212,79,3.5
212,91,4.0
212,82,5.0
212,48,2.0
212,102,2.0
212,22,5.0
212,116,4.0
212,95,2.0
212,130,3.0
212,40,2.0
212,80,4.0
212,8,2.0
212,135,3.5
212,98,1.5
212,92,3.5
212,111,3.0
212,44,2.5
212,88,4.5
213,26,2.5
213,116,2.5
213,53,5.0
213,108,2.0
213,16,4.0
213,71,3.5
213,133,4.5
213,32,1.5
213,18,4.5
213,33,2.0
213,13,3.5
213,144,1.5
213,19,3.5
213,34,2.0
213,121,4.5
213,38,5.0
213,36,5.0
213,101,3.5
213,125,2.0
213,95,1.5
213,40,5.0
213,86,1.5
213,129,4.5
213,48,3.5
213,110,2.5
213,55,3.0
213,75,2.5
213,11,1.5
213,63,2.5
213,14,2.0
213,112,4.5
213,96,1.0
214,1,4.0
214,45,3.0
214,100,3.5
214,42,2.0
214,125,5.0
214,72,3.0
214,129,2.0
214,103,1.5
214,131,3.5
214,121,3.0
214,84,2.0
214,44,3.0
214,128,5.0
214,9,2.5
214,139,1.5
214,48,3.0
214,113,2.0
214,49,3.5
214,141,2.0
214,6,1.0
214,52,3.5
214,127,4.5
214,39,2.0
214,124,5.0
214,17,5.0
214,86,3.5
214,30,4.5
214,29,3.5
214,88,2.5
214,20,3.0
215,2,4.5
215,75,4.5
215,58,1.0
215,130,4.0
215,110,3.5
215,5,3.0
215,120,3.5
215,101,4.0
215,136,3.0
215,122,4.5
215,31,3.0
215,56,3.0
215,52,2.5
215,74,3.0
215,141,4.0
215,93,3.5
215,46,4.0
215,139,4.0
215,107,2.5
215,39,1.5
215,133,1.0
215,51,3.5
215,70,3.5
215,135,3.5
215,49,1.5
215,131,5.0
215,16,5.0
215,30,2.0
215,140,2.5
215,118,3.0
215,50,3.0
215,67,5.0
215,98,3.0
215,79,2.0
215,113,3.0
216,89,2.5
216,140,3.0
216,63,4.5
216,147,2.5
216,24,2.0
216,121,2.0
216,136,3.0
216,106,4.5
216,15,2.0
216,47,3.5
216,12,5.0
216,91,3.0
216,55,1.5
216,21,2.5
216,39,4.0
216,84,1.5
216,33,2.5
216,114,1.5
216,96,1.0
216,64,4.5
216,16,5.0
216,101,4.5
216,105,3.5
216,67,5.0
217,94,1.0
217,100,2.0
217,85,4.5
217,128,5.0
217,33,3.5
217,11,2.5
217,142,2.5
217,12,2.0
217,132,2.0
217,89,4.0
217,135,4.5
217,83,5.0
217,121,2.0
217,109,2.0
217,77,2.0
217,50,3.5
217,1,1.5
217,34,5.0
217,140,2.0
217,35,3.0
217,115,4.5
217,76,5.0
217,41,2.0
217,147,4.0
217,9,3.5
217,86,4.0
217,68,1.5
217,15,2.0
217,30,5.0
218,5,5.0
218,89,4.0
218,115,5.0
218,141,2.5
218,29,5.0
218,30,4.5
218,40,1.5
218,129,2.5
218,59,3.5
218,39,1.5
218,113,2.5
218,7,3.0
218,82,2.5
218,66,4.5
218,91,4.5
218,111,2.0
218,44,2.0
218,92,3.5
218,77,2.0
218,25,4.0
218,128,5.0
218,135,5.0
218,108,3.0
218,33,3.5
218,63,3.0
218,55,3.0
218,6,2.0
218,60,2.0
218,48,2.5
218,1,2.5
219,3,2.0
219,113,3.0
219,111,2.5
219,98,2.5
219,59,3.5
219,5,3.5
219,120,2.5
219,19,4.0
219,44,3.0
219,140,2.5
219,47,3.5
219,40,3.5
219,143,2.5
219,14,5.0
219,26,3.5
219,64,4.5
219,118,4.0
219,130,3.0
219,114,3.0
219,144,1.0
219,91,2.5
219,18,3.5
219,134,2.5
219,137,1.0
219,123,4.5
219,94,1.5
219,16,4.0
219,86,2.0
219,48,3.5
219,1,3.5
219,60,1.0
219,67,4.0
219,105,2.5
219,83,3.0
219,50,5.0
220,70,5.0
220,47,3.0
220,49,2.0
220,11,2.5
220,101,2.5
220,48,3.5
220,51,4.5
220,146,5.0
220,57,1.5
220,71,5.0
220,50,5.0
220,1,3.0
220,124,3.0
220,105,2.0
220,142,4.0
220,96,1.5
220,19,2.5
220,69,3.5
220,123,3.5
220,12,4.0
220,145,2.5
220,79,3.0
220,60,2.5
221,128,3.5
221,3,4.5
221,8,4.5
221,25,1.5
221,104,2.0
221,101,4.5
221,47,2.5
221,142,4.0
221,12,5.0
221,121,2.0
221,68,5.0
221,64,5.0
221,111,5.0
221,120,3.0
221,46,3.5
221,74,3.0
221,96,2.5
221,54,1.5
221,99,3.0
221,65,5.0
221,131,5.0
221,110,2.5
221,13,5.0
221,123,5.0
221,48,3.5
221,138,4.0
221,95,2.0
221,112,4.0
221,16,5.0
221,139,5.0
221,107,5.0
221,77,5.0
221,136,3.0
221,45,3.0
221,29,3.0
221,146,4.0
221,137,2.5
221,49,2.5
221,38,2.5
221,125,2.5
221,60,1.5
222,31,3.5
222,9,3.0
222,70,5.0
222,22,4.0
222,52,4.5
222,122,2.5
222,140,2.5
222,120,3.5
222,1,3.5
222,74,4.0
222,28,3.5
222,56,5.0
222,64,4.0
222,139,1.0
222,84,1.5
222,47,3.5
222,87,1.5
222,141,3.5
222,10,4.0
222,119,3.5
222,37,2.0
222,26,3.5
222,130,3.5
223,32,2.0
223,2,4.5
223,47,3.0
223,41,1.5
223,115,4.0
223,76,3.5
223,29,4.0
223,35,4.5
223,64,4.0
223,129,4.5
223,110,3.5
223,97,5.0
223,19,3.0
223,114,3.5
223,88,1.0
223,145,3.0
223,53,5.0
223,119,4.5
223,75,5.0
223,37,1.0
223,8,4.0
223,85,1.0
223,49,3.5
223,106,3.5
223,107,2.0
223,68,3.5
223,73,4.0
223,89,2.0
223,70,5.0
223,128,3.5
223,12,4.5
223,5,5.0
223,31,4.0
223,108,2.5
223,14,2.5
223,46,3.0
223,26,4.5
223,116,3.5
223,83,3.0
224,50,5.0
224,45,3.0
224,125,3.5
224,37,1.5
224,72,5.0
224,12,4.0
224,142,3.5
224,70,5.0
224,30,4.0
224,46,4.0
224,119,3.5
224,92,2.0
224,69,3.5
224,52,4.5
224,131,4.0
224,116,2.5
224,110,3.0
224,67,4.5
224,145,4.5
224,109,5.0
224,64,5.0
224,130,4.0
224,112,4.0
224,71,5.0
224,80,2.0
224,54,5.0
224,53,5.0
224,140,2.0
224,27,1.5
224,122,3.5
224,47,3.0
224,4,3.0
224,5,3.0
224,68,3.5
224,51,4.5
224,100,3.5
224,10,4.0
224,49,4.5
224,15,3.5
224,9,3.0
224,28,4.5
224,111,3.5
224,128,4.0
225,6,5.0
225,132,2.0
225,53,1.5
225,36,2.0
225,61,5.0
225,103,4.5
225,134,3.0
225,39,3.0
225,29,2.5
225,141,5.0
225,87,5.0
225,59,4.5
225,146,3.0
225,104,5.0
225,14,2.0
225,42,3.5
225,17,2.5
225,41,5.0
225,18,3.0
225,60,5.0
225,74,4.0
225,69,2.0
225,124,2.5
225,43,3.5
225,137,4.0
225,138,5.0
225,143,4.0
225,31,1.5
225,44,2.5
225,95,5.0
225,22,4.0
226,34,5.0
226,28,3.0
226,38,3.0
226,33,4.5
226,83,4.0
226,41,1.5
226,110,2.5
226,84,2.5
226,78,3.0
226,140,2.5
226,44,2.5
226,92,4.0
226,1,3.0
226,112,2.5
226,76,5.0
226,30,5.0
226,106,3.0
226,96,2.5
226,97,2.5
226,65,5.0
226,85,3.0
226,32,5.0
226,121,2.0
226,64,3.0
226,146,4.0
226,130,1.5
226,133,2.0
226,25,4.5
226,127,2.0
226,27,5.0
226,63,3.5
226,145,4.5
226,16,3.5
226,125,3.0
227,45,3.5
227,19,2.5
227,22,4.0
227,137,1.5
227,104,2.0
227,8,3.5
227,146,5.0
227,121,3.5
227,49,3.5
227,70,4.0
227,111,3.5
227,102,1.0
227,69,3.0
227,72,5.0
227,6,1.5
227,71,4.5
227,52,5.0
227,46,3.5
227,44,3.0
227,97,3.0
227,64,4.5
227,25,1.5
227,142,4.5
227,33,3.5
227,60,2.5
227,29,4.0
227,108,4.0
227,65,2.5
227,62,2.5
227,128,5.0
227,117,4.0
228,79,2.0
228,99,2.5
228,43,2.5
228,2,2.5
228,90,4.5
228,7,2.5
228,64,2.5
228,122,3.0
228,147,3.5
228,52,1.5
228,5,4.0
228,75,4.5
228,35,3.0
228,129,3.0
228,107,2.0
228,59,3.0
228,115,3.5
228,48,2.0
228,76,5.0
228,135,5.0
228,29,5.0
228,42,1.0
228,128,5.0
228,68,3.0
228,62,2.0
228,55,2.5
228,34,5.0
228,49,4.0
229,124,2.0
229,92,4.0
229,83,2.0
229,49,4.0
229,51,2.0
229,61,5.0
229,106,3.0
229,79,2.0
229,29,3.0
229,97,5.0
229,143,5.0
229,90,3.0
229,96,4.5
229,80,2.5
229,100,1.0
229,66,1.5
229,25,3.0
229,144,5.0
229,103,5.0
229,94,5.0
229,22,2.5
229,59,5.0
229,6,5.0
229,105,4.5
229,41,5.0
229,129,3.5
229,140,5.0
229,34,2.5
229,74,2.5
229,81,4.0
229,60,5.0
229,127,3.0
229,40,1.5
229,70,2.0
229,13,3.5
229,16,2.5
229,43,4.5
229,108,2.0
229,104,5.0
229,32,2.0
229,78,3.0
229,12,3.0
229,114,3.0
229,137,5.0
230,61,1.0
230,119,2.5
230,39,5.0
230,36,5.0
230,76,4.0
230,19,3.5
230,28,2.0
230,42,2.5
230,114,3.5
230,89,2.0
230,83,2.5
230,75,3.5
230,67,4.0
230,100,2.0
230,128,3.5
230,27,2.0
230,122,2.0
230,12,5.0
230,70,3.5
230,33,3.0
230,15,2.5
230,13,4.0
230,7,2.0
230,80,1.0
230,26,3.0
230,121,3.5
230,133,4.0
230,40,5.0
230,54,3.0
230,131,5.0
230,53,4.0
230,18,4.0
230,145,2.5
230,69,3.5
230,55,2.5
230,135,3.5
230,139,2.0
230,78,4.0
231,116,3.0
231,63,2.5
231,132,5.0
231,103,5.0
231,39,5.0
231,36,5.0
231,64,2.0
231,40,5.0
231,126,1.5
231,37,5.0
231,24,3.0
231,20,4.0
231,87,2.0
231,19,4.5
231,141,4.5
231,6,5.0
231,129,5.0
231,21,3.5
231,95,2.5
231,122,2.5
231,88,3.0
231,86,2.5
231,112,3.5
231,102,3.5
231,54,3.0
231,101,4.5
231,96,2.5
231,2,2.5
231,42,5.0
231,78,3.0
231,16,4.0
231,5,3.5
231,4,2.5
231,27,1.5
231,22,2.5
231,80,3.0
231,58,1.0
231,145,2.5
232,42,4.0
232,132,5.0
232,41,3.5
232,38,5.0
232,83,2.5
232,40,5.0
232,86,2.5
232,46,3.0
232,116,2.0
232,140,5.0
232,64,1.5
232,105,5.0
232,31,3.0
232,78,3.5
232,29,2.5
232,130,3.0
232,48,3.5
232,35,1.5
232,36,5.0
232,113,3.0
232,137,2.5
232,15,2.0
232,19,3.5
232,94,2.0
232,54,3.0
232,91,2.0
232,68,4.0
232,32,1.5
232,59,4.0
232,53,4.5
232,69,3.5
232,20,2.5
232,30,2.5
232,67,4.5
232,88,3.0
232,37,5.0
232,104,5.0
232,56,2.5
232,22,2.5
232,124,2.5
232,63,2.5
232,136,5.0
232,28,2.0
233,128,3.0
233,90,5.0
233,68,2.0
233,81,5.0
233,8,3.0
233,86,5.0
233,124,3.5
233,1,2.5
233,24,5.0
233,83,5.0
233,53,2.0
233,6,1.5
233,102,2.5
233,33,4.5
233,89,5.0
233,67,2.5
233,85,5.0
233,93,4.0
233,84,5.0
233,78,2.5
233,71,2.0
233,69,2.5
233,28,3.0
233,98,1.5
233,21,5.0
233,135,2.5
233,88,5.0
233,11,2.0
233,95,3.5
234,46,2.5
234,90,5.0
234,112,3.0
234,24,5.0
234,38,3.5
234,21,5.0
234,62,5.0
234,104,4.0
234,83,4.0
234,11,3.0
234,88,4.5
234,107,3.0
234,37,1.0
234,103,3.5
234,6,3.5
234,110,2.5
234,128,3.5
234,19,2.5
234,125,4.0
234,77,2.0
234,61,4.5
234,85,4.5
234,12,2.0
234,89,5.0
234,140,4.0
234,92,4.5
234,73,2.0
234,143,3.0
234,95,4.5
234,10,3.0
235,67,3.0
235,110,2.5
235,69,2.5
235,54,4.0
235,66,4.5
235,116,3.5
235,114,3.5
235,64,4.0
235,45,4.0
235,22,4.5
235,1,3.0
235,18,4.5
235,27,2.5
235,105,1.5
235,121,5.0
235,112,4.0
235,146,5.0
235,142,4.0
235,46,4.0
235,25,1.5
235,130,4.0
235,16,3.0
235,52,5.0
235,72,5.0
235,84,1.0
235,80,2.0
235,118,4.5
235,76,4.0
235,125,3.5
235,11,1.5
235,126,3.5
236,25,2.5
236,8,2.0
236,111,4.5
236,134,3.5
236,140,4.0
236,123,5.0
236,35,3.0
236,26,3.5
236,11,3.0
236,83,2.5
236,67,3.5
236,18,4.5
236,64,2.0
236,80,2.0
236,107,3.5
236,54,2.5
236,40,5.0
236,100,3.0
236,103,4.5
236,39,5.0
237,73,3.5
237,100,4.0
237,53,3.0
237,92,4.0
237,6,1.0
237,8,3.0
237,120,4.5
237,19,5.0
237,3,4.0
237,134,3.0
237,37,1.0
237,86,2.5
237,124,5.0
237,114,3.5
237,83,5.0
237,80,1.5
237,51,3.0
237,115,3.5
237,143,3.0
237,23,2.5
237,112,2.5
237,68,2.5
237,119,2.0
237,22,3.0
237,7,1.0
237,106,3.0
237,147,3.5
237,16,4.0
237,127,5.0
237,56,3.0
237,76,5.0
237,40,2.0
237,105,2.0
237,42,2.0
237,72,3.5
237,29,2.5
237,125,5.0
237,136,4.0
237,58,1.5
238,40,4.5
238,103,4.0
238,130,5.0
238,145,3.5
238,10,3.5
238,71,3.5
238,131,5.0
238,1,2.5
238,65,4.5
238,89,3.5
238,76,2.5
238,112,4.5
238,8,4.0
238,123,5.0
238,41,1.0
238,128,2.5
238,64,4.5
238,5,3.0
238,141,4.5
238,122,2.0
238,50,3.0
238,39,5.0
238,91,3.5
238,144,2.5
238,42,5.0
238,139,4.0
238,47,4.5
238,108,3.0
238,57,2.0
238,12,5.0
238,138,3.5
238,19,4.0
238,13,5.0
238,134,4.5
238,104,3.5
238,22,1.5
238,92,2.5
238,20,4.5
238,6,3.0
238,77,5.0
238,9,3.0
238,102,4.0
239,65,4.0
239,38,5.0
239,39,5.0
239,31,3.0
239,130,3.5
239,74,2.5
239,37,5.0
239,43,5.0
239,133,4.5
239,132,4.0
239,13,4.0
239,94,2.5
239,30,3.0
239,36,5.0
239,129,4.0
239,16,4.5
239,131,4.0
239,105,4.5
239,112,5.0
239,115,2.5
239,63,3.0
239,139,3.0
239,33,2.5
240,93,2.0
240,15,2.5
240,102,3.5
240,125,3.5
240,43,4.5
240,12,5.0
240,18,3.5
240,49,3.0
240,124,1.0
240,100,2.5
240,131,5.0
240,146,2.0
240,30,3.0
240,106,4.0
240,67,5.0
240,68,5.0
240,45,2.0
240,47,4.0
240,105,3.5
240,97,2.5
240,16,5.0
240,85,1.5
240,112,4.0
240,80,2.0
240,1,3.0
241,47,3.5
241,4,4.0
241,45,3.5
241,56,5.0
241,72,4.5
241,68,4.5
241,128,3.0
241,133,2.0
241,51,4.5
241,142,4.0
241,126,3.5
241,135,4.0
241,108,3.5
241,31,5.0
241,30,4.0
241,132,3.0
241,71,5.0
241,129,3.5
241,110,3.5
241,33,4.0
241,143,3.0
241,3,3.5
241,109,3.5
241,145,3.5
241,16,3.5
241,46,4.0
241,75,5.0
241,121,5.0
242,123,2.5
242,136,1.5
242,11,4.0
242,25,5.0
242,21,5.0
242,98,2.5
242,12,2.0
242,126,3.5
242,6,2.5
242,85,5.0
242,37,3.0
242,79,3.5
242,72,3.5
242,93,4.5
242,81,5.0
242,67,3.5
242,91,3.0
242,131,2.5
242,102,2.0
242,92,5.0
242,80,4.0
242,132,1.5
242,104,2.5
242,23,5.0
242,10,3.0
242,95,3.0
243,66,4.0
243,16,5.0
243,117,1.0
243,7,1.5
243,80,2.5
243,83,3.5
243,95,1.0
243,46,3.0
243,3,4.0
243,131,5.0
243,136,3.5
243,69,2.5
243,85,3.5
243,24,3.0
243,22,3.0
243,48,3.5
243,41,3.5
243,126,3.0
243,72,2.5
243,65,5.0
243,19,2.5
243,130,4.0
243,8,5.0
243,35,3.0
243,92,3.0
243,106,4.0
243,121,1.0
243,63,3.5
243,51,2.5
243,42,5.0
243,84,3.5
243,52,2.0
243,141,4.0
243,11,1.5
243,40,4.0
243,138,3.5
243,112,3.5
244,19,4.0
244,37,5.0
244,53,4.0
244,141,4.5
244,74,3.0
244,40,5.0
244,92,2.5
244,93,2.5
244,113,2.5
244,17,2.0
244,121,2.0
244,36,5.0
244,78,2.5
244,83,3.5
244,38,5.0
244,2,2.5
244,123,4.5
244,54,3.0
244,61,1.5
244,86,3.0
244,48,4.0
244,130,4.0
244,44,2.5
244,139,4.5
244,131,4.0
244,47,5.0
244,99,2.0
244,108,3.0
244,28,3.0
244,110,2.5
244,104,4.5
244,68,4.0
244,111,2.5
244,26,3.0
244,39,5.0
244,45,3.0
244,97,2.5
244,18,4.5
244,29,3.0
244,118,1.0
244,80,3.0
244,23,2.0
244,55,3.0
245,23,1.0
245,70,5.0
245,72,5.0
245,42,2.0
245,30,4.5
245,18,4.5
245,12,3.5
245,71,5.0
245,122,3.0
245,20,3.0
245,100,3.0
245,63,3.5
245,6,1.5
245,45,3.5
245,78,4.5
245,54,5.0
245,93,1.5
245,134,4.0
245,44,3.5
245,138,2.0
245,34,2.0
246,49,5.0
246,64,3.0
246,119,4.5
246,9,3.0
246,110,3.0
246,16,3.0
246,125,4.0
246,30,5.0
246,113,3.5
246,87,2.5
246,55,3.5
246,36,2.0
246,10,3.5
246,51,3.0
246,29,5.0
246,23,4.0
246,114,3.0
246,31,5.0
246,69,2.0
246,76,5.0
246,99,1.5
246,86,4.5
246,71,4.0
246,57,1.5
246,35,3.5
246,109,2.5
246,46,2.5
246,100,2.5
246,81,2.5
246,139,1.0
246,67,4.0
247,53,4.5
247,108,3.0
247,4,4.5
247,43,3.5
247,40,3.5
247,107,4.0
247,29,2.0
247,140,3.5
247,145,2.5
247,67,5.0
247,63,3.5
247,12,4.5
247,122,3.5
247,19,3.5
247,137,1.5
247,15,2.0
247,106,5.0
247,78,4.0
247,20,4.0
247,111,4.5
247,131,5.0
247,101,5.0
247,134,5.0
247,113,2.0
247,49,1.5
247,139,5.0
247,37,2.5
247,64,5.0
247,132,4.5
247,36,4.5
247,70,1.5
247,135,2.0
247,62,2.0
247,16,5.0
247,46,3.5
247,57,1.0
247,82,2.0
247,39,5.0
247,77,5.0
247,130,3.5
247,65,5.0
247,96,3.0
248,54,5.0
248,100,4.5
248,30,4.0
248,60,1.0
248,125,2.5
248,76,4.5
248,130,3.0
248,35,4.0
248,66,4.0
248,71,5.0
248,58,2.5
248,104,2.0
248,22,4.0
248,73,4.0
248,20,3.5
248,93,1.5
248,123,3.5
248,3,4.0
248,68,3.0
248,110,4.5
248,12,3.0
248,118,4.0
248,75,5.0
248,114,3.0
248,135,5.0
248,15,3.0
248,74,3.5
248,67,3.0
248,98,3.5
248,33,3.5
248,116,3.0
249,116,2.5
249,60,3.0
249,23,5.0
249,63,3.0
249,141,2.5
249,26,3.5
249,24,5.0
249,136,4.0
249,137,2.0
249,97,3.5
249,69,3.0
249,80,5.0
249,81,4.0
249,142,2.5
249,98,2.0
249,2,2.5
249,86,5.0
249,87,5.0
249,94,3.5
249,131,3.0
249,91,3.0
249,33,3.5
249,146,3.5
249,78,3.5
249,66,3.5
249,62,5.0
249,84,5.0
249,56,2.0
249,31,2.5
249,132,2.5
249,140,2.5
249,129,2.5
249,88,5.0
249,101,2.5
249,64,2.0
249,61,2.5
249,16,2.5
249,139,2.5
249,29,2.0
249,79,4.5
250,121,2.0
250,21,5.0
250,145,3.0
250,83,4.5
250,129,3.0
250,95,2.5
250,86,5.0
250,50,2.5
250,8,3.0
250,38,2.5
250,89,5.0
250,119,2.5
250,1,2.5
250,25,5.0
250,88,5.0
250,39,2.0
250,23,5.0
250,20,2.5
250,84,5.0
250,118,2.5
250,47,1.0
250,103,3.0
250,146,4.0
250,58,3.5
250,120,4.0
250,96,3.0
250,128,3.0
250,68,3.0
250,22,5.0
250,76,3.5
250,12,3.0
250,14,2.5
250,85,5.0
250,132,2.0
250,64,1.5
251,133,3.5
251,123,4.0
251,106,4.0
251,3,4.0
251,134,4.0
251,60,4.5
251,105,5.0
251,104,5.0
251,33,3.5
251,82,1.5
251,140,5.0
251,42,4.5
251,142,5.0
251,57,2.0
251,67,2.0
251,120,1.0
251,64,2.0
251,76,3.5
251,39,4.0
251,144,5.0
251,138,5.0
251,94,5.0
251,143,4.5
251,102,5.0
251,28,3.0
251,137,4.5
251,61,5.0
251,59,5.0
251,107,5.0
251,95,5.0
251,53,3.5
251,21,3.5
251,40,3.5
251,87,3.5
251,112,3.0
251,48,3.5
251,45,4.5
251,89,3.5
251,17,1.5
251,24,3.0
251,91,4.0
252,120,4.0
252,90,5.0
252,23,5.0
252,13,2.5
252,53,2.5
252,81,5.0
252,44,2.5
252,92,4.0
252,143,4.0
252,63,3.5
252,101,2.5
252,146,3.5
252,98,2.0
252,39,3.5
252,4,1.5
252,142,2.5
252,107,2.0
252,102,3.0
252,93,3.5
252,132,2.0
252,128,4.0
252,58,3.0
252,8,3.0
252,10,2.5
252,68,2.0
253,53,5.0
253,123,4.5
253,134,3.0
253,9,3.0
253,4,3.5
253,23,1.5
253,114,2.5
253,32,2.0
253,36,3.5
253,130,4.0
253,129,3.0
253,99,1.5
253,25,1.5
253,56,4.0
253,38,2.5
253,100,3.5
253,116,2.5
253,20,3.0
253,131,3.0
253,68,4.0
254,83,5.0
254,136,4.5
254,43,1.5
254,37,1.5
254,26,5.0
254,79,3.5
254,29,4.5
254,127,5.0
254,46,3.5
254,73,3.0
254,77,3.5
254,113,4.0
254,106,3.0
254,116,3.5
254,90,2.5
254,69,3.0
254,67,2.0
254,110,3.5
254,55,3.5
254,66,5.0
254,25,2.0
254,103,2.0
254,12,4.0
254,146,5.0
254,21,1.0
254,56,2.5
254,33,4.5
254,44,3.5
254,48,3.0
254,38,2.5
254,16,3.0
254,50,2.0
254,139,1.5
254,118,3.5
254,124,4.5
254,3,3.5
254,128,5.0
254,75,5.0
254,54,5.0
254,133,2.5
255,40,5.0
255,104,3.5
255,121,2.5
255,67,4.0
255,47,4.0
255,111,4.5
255,32,1.5
255,87,1.5
255,109,2.5
255,39,5.0
255,98,2.0
255,19,5.0
255,42,3.0
255,53,5.0
255,115,2.5
255,80,2.5
255,61,2.5
255,1,3.0
255,4,3.5
255,37,5.0
255,88,2.0
255,9,2.0
255,86,1.5
255,24,1.5
255,48,5.0
255,146,2.5
255,73,3.5
255,6,5.0
255,45,4.5
255,101,5.0
255,36,5.0
255,142,4.5
255,69,2.5
255,5,2.5
255,89,2.5
255,108,2.5
256,21,5.0
256,129,3.5
256,8,2.0
256,89,5.0
256,62,5.0
256,88,5.0
256,134,2.5
256,82,5.0
256,86,5.0
256,84,5.0
256,118,2.0
256,85,5.0
256,25,5.0
256,128,2.5
256,26,3.0
256,24,5.0
256,147,3.5
256,83,5.0
256,110,2.5
256,15,2.5
256,80,5.0
256,17,2.5
256,64,3.0
256,52,3.0
256,23,4.0
256,137,2.5
256,91,2.5
256,122,2.0
256,132,3.0
257,126,3.5
257,37,1.5
257,74,5.0
257,26,4.0
257,50,5.0
257,130,4.0
257,2,2.5
257,134,3.5
257,52,5.0
257,100,3.5
257,15,2.5
257,86,1.5
257,132,2.0
257,73,4.5
257,55,4.0
257,116,4.0
257,103,2.0
257,19,3.5
257,93,1.5
257,111,3.5
258,6,5.0
258,142,4.0
258,136,4.0
258,15,3.0
258,131,3.5
258,43,4.5
258,12,5.0
258,41,4.5
258,120,2.5
258,100,3.0
258,38,5.0
258,105,5.0
258,104,5.0
258,107,4.5
258,78,4.5
258,122,1.5
258,96,3.5
258,21,2.0
258,42,4.5
258,102,4.5
258,29,1.5
258,103,5.0
258,129,2.5
258,126,1.5
258,94,4.5
258,37,5.0
258,109,1.5
258,55,2.5
258,2,1.5
258,91,4.0
258,82,2.0
258,86,2.5
258,39,5.0
258,123,5.0
258,64,1.5
258,112,4.0
259,138,3.5
259,89,2.0
259,107,4.0
259,64,4.0
259,132,5.0
259,80,1.0
259,47,3.5
259,2,4.0
259,90,3.0
259,76,2.0
259,125,2.5
259,22,2.0
259,126,2.5
259,61,2.0
259,48,3.5
259,65,5.0
259,31,2.5
259,21,2.5
259,123,5.0
259,33,2.5
259,112,3.5
259,109,5.0
259,4,4.5
259,131,5.0
259,124,2.5
259,146,2.0
259,20,4.5
259,10,3.0
259,108,2.0
259,42,5.0
259,97,2.5
259,60,2.0
259,134,4.5
259,16,5.0
259,19,3.0
259,101,5.0
259,117,2.0
259,129,5.0
260,70,3.5
260,73,1.5
260,119,5.0
260,35,3.5
260,98,2.5
260,51,2.0
260,62,2.5
260,82,4.5
260,103,2.0
260,139,2.5
260,34,5.0
260,19,3.5
260,63,3.5
260,81,3.0
260,31,5.0
260,129,2.5
260,75,4.0
260,66,3.5
260,7,2.0
260,79,2.0
260,88,4.0
260,76,5.0
260,27,5.0
260,28,4.0
260,137,1.5
260,122,4.0
260,125,3.5
260,128,5.0
261,72,3.0
261,45,3.5
261,37,2.0
261,32,2.0
261,77,3.5
261,3,4.0
261,113,3.5
261,65,2.0
261,30,4.0
261,129,4.5
261,104,1.0
261,128,4.5
261,71,4.0
261,33,4.5
261,80,1.0
261,88,3.0
261,64,3.0
261,22,2.5
261,40,1.0
261,2,4.0
261,50,3.0
261,90,3.0
262,79,2.5
262,122,5.0
262,2,3.5
262,125,5.0
262,85,2.5
262,115,2.5
262,132,1.0
262,15,3.5
262,84,2.0
262,133,2.0
262,110,4.0
262,16,4.5
262,91,2.5
262,121,4.0
262,40,1.5
262,95,2.0
262,77,4.0
262,28,2.0
262,81,1.0
262,87,1.0
262,60,1.0
262,103,2.0
262,66,5.0
262,128,4.5
262,120,5.0
262,26,5.0
262,107,1.5
262,10,3.5
262,71,3.0
263,59,2.5
263,2,2.5
263,109,2.5
263,79,2.5
263,13,3.5
263,80,1.5
263,9,2.5
263,12,3.5
263,71,1.0
263,74,1.5
263,48,3.0
263,92,3.5
263,56,1.0
263,87,2.5
263,49,5.0
263,108,2.5
263,85,3.5
263,26,4.0
263,103,2.5
263,118,5.0
263,11,2.5
263,90,4.0
263,19,5.0
263,132,2.0
263,62,1.5
263,112,2.0
263,146,4.5
263,86,4.0
263,106,2.5
263,34,5.0
263,41,2.0
263,128,5.0
264,43,4.5
264,146,1.5
264,61,5.0
264,21,4.0
264,51,1.5
264,89,4.0
264,122,1.0
264,97,5.0
264,38,3.5
264,86,4.0
264,110,3.0
264,137,4.0
264,140,5.0
264,6,5.0
264,96,4.5
264,108,1.0
264,64,3.0
264,3,3.0
264,58,2.0
264,25,3.5
264,106,3.0
264,33,2.5
264,79,2.5
264,144,5.0
264,105,4.5
264,87,5.0
264,85,5.0
264,28,3.0
264,69,1.5
264,24,3.0
264,14,3.5
264,19,3.5
264,92,4.0
264,34,3.0
264,131,3.5
264,101,1.0
264,62,4.5
264,90,4.0
264,7,4.0
264,1,2.0
264,115,2.5
264,74,2.5
265,96,3.0
265,109,2.0
265,104,4.0
265,122,2.5
265,144,3.0
265,94,3.0
265,38,5.0
265,19,4.0
265,78,3.0
265,111,4.5
265,73,3.0
265,39,5.0
265,105,5.0
265,52,3.0
265,125,3.0
265,76,2.5
265,40,5.0
265,75,2.5
265,55,2.0
265,25,2.0
266,30,2.0
266,2,3.0
266,67,2.5
266,104,5.0
266,9,5.0
266,60,5.0
266,94,5.0
266,41,5.0
266,132,3.0
266,91,5.0
266,49,3.0
266,133,2.5
266,7,5.0
266,103,5.0
266,38,3.5
266,81,3.5
266,77,2.5
266,6,5.0
266,46,4.0
266,62,4.5
266,95,5.0
266,96,5.0
266,20,2.0
266,97,5.0
266,90,3.0
266,129,1.5
266,21,2.5
266,15,3.5
266,99,3.5
266,110,2.5
266,57,3.5
266,59,5.0
266,44,3.0
266,144,5.0
266,4,2.0
266,29,1.5
266,139,3.5
266,33,3.0
266,54,1.5
266,50,2.0
266,116,3.0
266,69,3.0
266,140,5.0
266,128,2.0
267,83,5.0
267,25,5.0
267,80,4.0
267,123,3.5
267,89,5.0
267,146,3.0
267,100,2.5
267,86,5.0
267,134,1.5
267,82,5.0
267,63,2.5
267,112,2.5
267,135,3.0
267,79,3.5
267,23,5.0
267,85,5.0
267,92,3.5
267,60,2.0
267,93,3.5
267,44,2.0
267,62,5.0
267,101,2.5
267,1,1.5
267,116,3.5
267,36,1.5
268,38,2.0
268,60,2.5
268,88,1.5
268,109,3.0
268,123,3.5
268,108,4.0
268,117,5.0
268,81,1.5
268,18,3.0
268,3,4.0
268,72,4.5
268,17,3.5
268,64,5.0
268,44,2.5
268,76,5.0
268,56,4.5
268,31,4.5
268,1,3.5
268,51,5.0
268,74,3.5
269,68,3.0
269,114,4.5
269,48,3.0
269,38,1.0
269,125,2.5
269,105,1.0
269,70,5.0
269,46,4.5
269,21,1.5
269,5,4.5
269,79,3.5
269,7,1.0
269,26,5.0
269,47,4.5
269,45,3.5
269,75,4.0
269,57,1.5
269,128,3.5
269,110,3.5
269,133,2.0
269,126,3.5
269,135,3.5
269,145,5.0
269,50,5.0
269,32,2.0
269,27,2.0
269,90,1.0
269,102,1.5
269,14,3.5
269,121,5.0
269,117,4.5
269,64,5.0
269,22,4.0
269,71,5.0
270,29,5.0
270,147,4.0
270,2,2.5
270,31,5.0
270,8,2.5
270,117,4.5
270,85,5.0
270,125,4.5
270,142,1.5
270,89,4.0
270,32,4.0
270,18,2.0
270,128,5.0
270,33,4.5
270,130,2.5
270,91,4.5
270,140,2.5
270,115,3.5
270,94,3.0
270,62,2.5
271,13,2.5
271,135,2.0
271,62,4.5
271,96,4.0
271,141,4.0
271,107,4.0
271,91,5.0
271,134,2.0
271,127,2.5
271,38,4.5
271,95,5.0
271,137,4.5
271,119,1.5
271,22,3.0
271,66,2.0
271,88,3.5
271,44,3.0
271,99,3.5
271,79,3.0
271,49,2.5
271,59,4.0
271,122,2.5
271,140,5.0
271,143,3.0
271,84,3.5
271,15,4.5
271,117,1.5
271,61,5.0
271,144,5.0
271,94,5.0
271,6,5.0
271,103,5.0
271,93,5.0
271,89,4.0
271,39,3.5
271,36,3.0
271,7,5.0
271,25,4.0
272,126,2.5
272,47,3.0
272,128,5.0
272,101,2.5
272,98,2.0
272,24,1.0
272,133,1.0
272,66,4.0
272,119,5.0
272,44,2.0
272,45,2.0
272,143,3.5
272,73,3.5
272,10,2.0
272,123,2.5
272,32,3.5
272,135,4.5
272,13,1.5
272,85,3.5
272,146,5.0
272,136,3.5
272,76,5.0
272,88,3.5
272,30,5.0
272,95,1.5
272,49,5.0
272,63,3.5
272,125,5.0
272,34,5.0
272,2,2.5
272,26,4.5
272,145,5.0
272,62,2.5
272,28,4.5
272,142,2.5
273,5,4.5
273,9,3.0
273,119,3.0
273,1,3.5
273,70,2.5
273,17,5.0
273,88,3.5
273,147,3.0
273,26,5.0
273,142,3.0
273,127,5.0
273,146,5.0
273,116,5.0
273,113,3.5
273,94,1.0
273,10,4.0
273,44,3.0
273,31,4.5
273,61,1.5
273,28,3.5
273,40,1.5
273,45,4.0
273,89,3.0
273,20,4.0
273,42,1.5
273,53,3.5
273,71,3.5
273,8,4.0
274,103,1.5
274,120,2.5
274,17,3.0
274,1,4.0
274,9,4.0
274,101,4.0
274,136,3.5
274,53,5.0
274,114,3.5
274,106,2.5
274,145,3.0
274,70,5.0
274,28,4.0
274,112,4.0
274,125,2.5
274,56,5.0
274,98,3.0
274,47,3.0
274,67,3.0
274,44,4.0
274,26,3.5
274,6,2.0
274,95,2.0
274,127,2.5
274,52,5.0
274,64,5.0
274,63,4.5
274,49,2.5
274,75,4.5
274,132,2.0
274,71,5.0
274,96,2.0
274,54,5.0
274,18,2.5
274,129,3.0
274,69,2.0
274,35,4.5
274,48,2.0
274,141,4.0
274,46,4.5
274,113,3.5
274,7,1.0
274,19,3.5
274,134,4.5
275,119,5.0
275,45,3.0
275,56,2.5
275,33,5.0
275,85,4.5
275,97,3.5
275,5,5.0
275,112,2.5
275,91,2.5
275,31,5.0
275,44,3.0
275,142,2.5
275,92,3.5
275,88,4.5
275,93,3.5
275,141,2.5
275,49,5.0
275,37,2.5
275,54,3.0
275,21,2.5
275,30,4.5
275,32,3.5
275,94,2.5
275,36,1.5
275,115,5.0
275,28,5.0
275,134,1.5
275,65,4.5
275,100,2.5
275,19,4.5
275,34,5.0
276,138,3.5
276,12,5.0
276,128,3.5
276,24,4.0
276,105,4.0
276,88,3.5
276,35,2.5
276,80,2.5
276,89,2.5
276,92,2.0
276,103,3.5
276,11,2.5
276,106,4.5
276,20,5.0
276,102,3.0
276,16,5.0
276,69,1.5
276,59,3.0
276,142,3.0
276,94,3.0
276,26,3.0
276,42,5.0
276,57,3.0
276,116,2.0
276,139,4.5
276,135,3.5
276,25,3.0
276,7,3.0
276,124,3.0
277,114,1.5
277,132,3.5
277,37,2.0
277,9,1.5
277,75,2.5
277,129,4.0
277,143,1.0
277,128,5.0
277,72,2.5
277,30,5.0
277,135,5.0
277,83,3.5
277,57,1.0
277,86,2.0
277,118,4.5
277,33,5.0
277,17,2.5
277,111,2.5
277,140,2.0
277,94,2.0
277,23,4.0
277,95,1.0
277,19,4.0
277,42,4.5
277,5,5.0
277,45,2.0
277,16,5.0
277,43,1.5
277,96,2.0
277,40,3.0
277,80,2.0
277,123,2.5
277,68,4.0
277,107,4.0
277,121,2.0
277,99,2.5
277,76,5.0
277,10,1.5
278,147,2.0
278,93,4.0
278,21,5.0
278,53,1.5
278,10,2.0
278,90,5.0
278,91,3.0
278,12,2.0
278,131,1.5
278,115,3.0
278,85,5.0
278,79,3.5
278,146,3.0
278,96,4.0
278,140,4.5
278,15,1.5
278,31,3.0
278,7,4.0
278,124,3.0
278,25,5.0
278,144,2.5
278,141,2.5
278,33,4.0
278,2,2.5
278,118,2.5
278,132,2.5
278,102,5.0
278,24,5.0
278,58,3.0
278,95,5.0
278,50,1.5
278,82,5.0
278,92,4.0
278,80,4.0
278,88,5.0
278,66,3.5
278,105,3.0
278,84,5.0
278,81,4.5
278,9,2.5
278,94,3.5
278,34,2.5
279,51,3.0
279,126,4.5
279,20,2.0
279,141,2.5
279,21,5.0
279,57,1.5
279,86,5.0
279,120,4.0
279,23,4.5
279,87,3.5
279,43,2.0
279,89,5.0
279,117,2.5
279,16,3.5
279,121,2.5
279,8,2.0
279,128,3.0
279,144,2.5
279,90,5.0
279,145,4.0
279,9,3.0
279,1,2.5
279,4,3.0
280,70,5.0
280,3,4.5
280,28,4.0
280,8,3.5
280,124,3.5
280,48,3.0
280,18,3.0
280,53,5.0
280,12,3.5
280,145,3.0
280,50,4.5
280,136,4.0
280,102,1.0
280,76,4.5
280,104,3.0
280,2,4.5
280,132,2.0
280,54,5.0
280,60,2.5
280,103,1.5
280,55,4.0
280,10,4.5
280,63,2.0
280,24,2.0
280,125,3.5
280,52,5.0
280,142,3.5
280,115,4.5
280,140,2.0
280,39,2.5
280,5,4.5
280,16,3.5
280,109,3.0
280,122,3.0
280,46,3.5
280,116,3.0
280,41,2.0
280,1,4.0
280,14,4.0
281,24,2.5
281,114,2.5
281,128,5.0
281,131,2.5
281,20,3.0
281,122,3.0
281,19,3.5
281,71,5.0
281,101,2.0
281,50,3.5
281,97,2.5
281,85,3.5
281,76,5.0
281,106,2.5
281,59,1.5
281,12,2.5
281,77,2.0
281,109,2.0
281,43,1.5
281,134,3.5
281,127,3.0
281,90,3.5
281,118,5.0
281,144,1.0
281,83,5.0
281,32,4.0
281,89,5.0
281,135,5.0
282,27,5.0
282,19,4.0
282,91,3.5
282,110,3.0
282,10,2.5
282,29,5.0
282,79,3.0
282,12,2.0
282,63,5.0
282,72,1.0
282,135,5.0
282,42,1.5
282,2,2.5
282,23,4.5
282,115,5.0
282,65,4.0
282,136,1.0
282,118,5.0
282,22,2.0
282,34,5.0
282,125,4.0
282,103,1.5
282,139,2.5
282,15,2.0
282,117,5.0
282,47,2.0
282,106,2.5
282,1,2.0
282,44,1.5
282,28,5.0
282,21,3.0
282,124,4.5
282,100,2.0
282,11,1.5
282,92,4.5
282,55,2.5
282,126,3.0
282,120,4.0
282,119,4.0
282,66,4.5
282,122,3.0
283,72,5.0
283,25,2.5
283,83,3.0
283,10,2.5
283,57,3.5
283,116,2.0
283,131,3.5
283,41,4.0
283,127,3.5
283,132,1.5
283,87,2.5
283,145,3.0
283,11,2.0
283,124,4.5
283,71,5.0
283,53,5.0
283,9,5.0
283,14,5.0
283,30,2.0
283,143,4.5
283,46,2.5
283,121,5.0
283,3,4.5
283,51,4.0
283,135,3.5
283,19,3.0
283,61,3.5
283,96,3.0
283,38,3.5
283,70,5.0
283,99,2.0
283,48,5.0
283,129,3.5
283,112,3.5
283,79,3.0
283,69,2.5
284,122,1.5
284,35,2.5
284,125,3.0
284,103,4.5
284,123,5.0
284,130,5.0
284,99,2.5
284,4,4.5
284,42,5.0
284,131,5.0
284,101,5.0
284,132,4.0
284,58,2.5
284,71,2.0
284,118,3.0
284,56,3.0
284,3,5.0
284,66,5.0
284,78,4.5
284,27,2.0
284,64,5.0
284,19,3.5
284,28,2.0
284,129,5.0
284,53,3.5
284,126,3.0
284,68,5.0
284,10,3.0
284,18,2.5
284,107,5.0
284,134,5.0
284,109,4.0
284,110,2.5
284,124,3.0
284,73,3.0
285,11,2.5
285,13,4.5
285,142,3.5
285,121,2.5
285,114,3.5
285,18,4.0
285,68,5.0
285,129,5.0
285,47,4.0
285,23,2.0
285,2,5.0
285,100,3.0
285,42,5.0
285,131,5.0
285,41,1.5
285,17,3.5
285,140,4.0
285,141,3.5
285,107,4.5
285,136,3.5
285,19,3.0
285,67,4.5
285,27,2.0
285,123,5.0
285,1,2.0
285,56,2.5
286,89,5.0
286,50,1.5
286,146,4.0
286,117,3.0
286,82,5.0
286,23,5.0
286,85,5.0
286,137,1.0
286,79,4.0
286,17,2.5
286,77,1.5
286,109,1.0
286,56,3.5
286,6,2.5
286,44,2.0
286,90,5.0
286,19,4.0
286,59,4.0
286,76,3.5
286,21,5.0
286,92,4.5
286,24,5.0
286,10,3.0
286,8,1.0
286,67,2.5
286,58,4.5
286,147,4.0
286,68,2.0
286,86,5.0
286,133,2.0
286,80,4.5
286,115,2.5
286,84,5.0
286,93,4.0
286,135,2.5
286,1,2.0
286,130,1.5
287,118,5.0
287,12,2.5
287,119,5.0
287,115,5.0
287,78,2.5
287,5,4.0
287,29,4.5
287,52,1.5
287,138,2.0
287,92,3.5
287,76,5.0
287,74,3.0
287,117,5.0
287,44,1.5
287,18,2.5
287,99,1.5
287,45,2.0
287,67,2.5
287,33,4.5
287,135,5.0
287,125,5.0
287,147,4.0
287,143,2.0
287,42,3.0
287,54,4.0
287,104,2.0
287,4,2.5
287,146,4.0
288,129,5.0
288,104,3.0
288,13,5.0
288,138,3.0
288,131,5.0
288,65,5.0
288,68,5.0
288,107,5.0
288,121,3.0
288,12,5.0
288,63,3.0
288,120,3.0
288,145,1.0
288,2,4.5
288,39,4.0
288,67,5.0
288,31,4.0
288,3,5.0
288,77,5.0
288,103,2.5
288,64,5.0
288,54,3.0
288,144,1.5
288,123,5.0
288,42,5.0
288,128,2.0
288,106,4.5
288,66,4.5
288,43,2.5
288,73,2.5
288,146,2.0
288,20,5.0
288,18,3.0
288,147,2.0
288,19,3.0
289,76,5.0
289,34,5.0
289,45,2.5
289,145,3.5
289,56,1.5
289,100,3.5
289,84,3.0
289,129,3.0
289,115,5.0
289,16,2.5
289,49,5.0
289,107,2.0
289,27,5.0
289,43,2.0
289,12,2.0
289,147,4.0
289,135,4.0
289,114,2.5
289,29,5.0
289,146,3.0
289,91,4.0
289,143,2.0
289,8,3.0
289,99,2.5
289,132,3.0
289,42,2.5
289,86,4.0
289,119,5.0
289,95,2.0
289,126,2.5
289,73,2.5
289,20,2.0
289,103,2.5
290,18,4.5
290,10,3.5
290,43,3.0
290,121,1.0
290,16,5.0
290,15,3.0
290,39,5.0
290,30,3.0
290,3,5.0
290,146,3.5
290,46,4.5
290,32,2.5
290,68,5.0
290,36,5.0
290,81,2.0
290,58,2.0
290,133,2.5
290,136,4.0
290,108,2.0
290,33,3.0
290,67,5.0
290,42,4.5
290,123,5.0
290,5,1.5
290,106,4.5
291,69,3.0
291,118,4.0
291,56,4.5
291,53,5.0
291,123,4.0
291,5,4.0
291,29,5.0
291,62,2.5
291,80,1.0
291,1,3.5
291,77,3.5
291,55,4.0
291,90,1.5
291,132,1.5
291,66,3.0
291,75,5.0
291,18,2.5
291,129,3.5
291,121,3.5
291,141,3.0
292,15,3.5
292,68,4.5
292,51,4.0
292,128,4.5
292,76,5.0
292,44,4.5
292,77,3.5
292,17,5.0
292,112,3.5
292,92,1.5
292,89,3.0
292,66,5.0
292,10,3.5
292,140,2.0
292,63,2.5
292,74,2.0
292,55,4.5
292,146,4.5
292,120,4.0
292,16,4.0
292,91,3.5
292,72,3.5
292,147,3.0
292,114,2.5
292,127,5.0
292,73,4.0
292,52,3.0
293,47,4.5
293,66,2.0
293,129,2.5
293,51,1.5
293,46,2.5
293,97,5.0
293,147,1.5
293,21,2.0
293,103,4.5
293,85,2.5
293,61,5.0
293,107,5.0
293,89,2.0
293,118,1.0
293,106,4.0
293,144,5.0
293,121,2.0
293,9,5.0
293,113,2.0
293,96,4.0
293,14,1.0
293,94,4.5
293,35,2.0
293,65,2.0
293,87,4.5
293,135,1.0
293,28,3.5
293,111,2.5
293,112,3.0
293,68,3.0
293,22,3.0
293,30,1.5
293,78,4.5
294,79,3.0
294,37,1.0
294,146,4.0
294,66,5.0
294,131,2.5
294,145,5.0
294,78,3.0
294,112,3.0
294,84,1.5
294,15,3.0
294,141,3.0
294,68,3.0
294,130,3.0
294,99,2.5
294,17,5.0
294,63,2.5
294,28,3.0
294,26,5.0
294,110,3.0
294,5,4.0
294,143,3.0
294,73,2.0
294,46,3.5
295,135,3.0
295,20,2.0
295,142,4.5
295,50,2.5
295,139,3.5
295,134,4.0
295,45,1.5
295,117,2.5
295,17,1.5
295,16,5.0
295,40,5.0
295,83,2.0
295,3,3.0
295,65,3.5
295,129,3.5
295,37,5.0
295,67,4.5
295,34,3.5
295,38,5.0
295,136,4.0
295,147,2.5
295,36,5.0
295,42,4.0
295,51,2.5
295,28,2.5
295,47,3.0
295,126,2.5
295,108,1.5
295,68,4.0
295,48,3.0
295,123,4.0
295,33,2.0
295,132,5.0
295,11,2.5
295,133,4.5
295,21,2.5
295,113,1.0
295,4,1.0
296,61,1.5
296,10,3.0
296,47,3.5
296,27,3.5
296,142,3.0
296,121,5.0
296,12,3.5
296,71,5.0
296,45,4.0
296,5,4.5
296,51,5.0
296,19,3.0
296,34,2.5
296,60,1.0
296,70,5.0
296,72,4.5
296,54,4.5
296,63,3.5
296,143,3.0
296,78,3.5
296,30,3.5
296,55,4.0
296,74,3.0
296,115,5.0
296,145,4.0
296,44,3.5
296,118,4.0
296,126,3.0
296,64,5.0
296,84,1.5
296,18,3.5
296,8,3.5
296,146,4.0
297,90,2.5
297,100,2.0
297,58,1.5
297,39,3.5
297,106,3.5
297,48,4.5
297,12,4.0
297,60,1.0
297,74,4.0
297,142,4.5
297,81,2.0
297,35,4.5
297,123,4.0
297,46,3.5
297,50,5.0
297,134,4.5
297,129,4.5
297,127,3.0
297,7,1.5
297,125,3.0
297,105,2.5
298,28,3.0
298,131,5.0
298,77,4.5
298,128,3.0
298,70,4.5
298,92,1.5
298,136,2.5
298,64,4.0
298,32,2.0
298,12,5.0
298,86,1.5
298,95,1.5
298,4,4.5
298,132,3.5
298,106,4.5
298,15,2.0
298,11,1.5
298,20,4.0
298,123,5.0
298,109,4.5
298,99,1.5
298,100,2.5
298,129,5.0
298,50,4.0
298,48,3.5
298,146,3.5
298,78,3.0
298,23,2.0
298,62,2.5
298,145,3.5
298,19,4.5
298,67,5.0
298,134,5.0
298,110,3.5
298,93,1.0
298,39,3.5
298,25,1.0
298,55,3.5
298,38,2.0
298,117,1.5
298,105,3.0
298,120,1.5
298,22,3.0
298,45,2.0
298,112,3.0
299,70,5.0
299,6,2.5
299,85,2.0
299,4,3.0
299,115,3.0
299,109,2.0
299,126,4.0
299,26,3.0
299,79,2.5
299,71,5.0
299,20,4.0
299,16,3.5
299,136,3.5
299,121,5.0
299,107,1.5
299,146,5.0
299,101,4.0
299,15,4.0
299,13,2.5
299,120,3.0
299,54,5.0
299,135,4.0
299,19,3.0
299,34,1.5
299,112,4.0
299,123,4.0
300,76,2.5
300,38,2.5
300,63,4.0
300,106,5.0
300,119,3.5
300,54,2.5
300,14,2.5
300,51,1.0
300,97,2.0
300,115,3.5
300,131,5.0
300,141,3.5
300,77,4.5
300,82,2.5
300,78,3.5
300,117,3.5
300,118,3.5
300,41,2.0
300,132,5.0
300,139,5.0
300,67,5.0
300,145,2.5
300,101,4.5
300,65,5.0
300,128,3.5
300,116,4.0
300,87,1.0
300,147,2.0
300,36,4.0
300,100,2.5
300,46,3.0
300,49,3.5
300,48,4.5
300,55,3.0
300,6,3.0
300,4,4.0
300,107,5.0
300,34,2.5
300,3,5.0
